claim_id,claim_type,claim,evidence_files,verification_command,status,boundary
C1,theorem,Last-assignment replacement reconstructs target shard,proofs/model.md; src/checker.py; analyze_continuation.py,python -m unittest discover -s tests -v,supported,ordered per-shard events only
C2,theorem,Token advancement preserves sound candidates and omitted-row bound,proofs/model.md; src/continuation.py; src/continuation_checker.py; results/continuation-finite.json,python finite_continuation.py,supported,body-local frozen score; truthful events
C3,theorem,No missing shard and no blocker implies exact global top-k,proofs/model.md; results/continuation-finite.json; results/continuation-summary.json,python finite_continuation.py && python analyze_continuation.py,supported,declared vector cut only
C4,boundary,A blocker is conservative; necessity requires two states compatible with all fixed evidence and different top-k answers,proofs/model.md; tests/test_checker_transactions.py,python -m unittest discover -s tests -v,supported,"complete evidence includes query, plan, k, epoch, catalog, receipts and events"
C5,theorem,Top k+d prefix suffices after d distinct changed identifiers,proofs/model.md; src/continuation.py; results/continuation-finite.json,python finite_continuation.py,supported,fails closed above MAX_PREFIX=64
C6,implementation,Independent stateful checker recomputes transitions and result,src/continuation_checker.py; tests/test_protocol.py; results/continuation-summary.json,python analyze_continuation.py,supported,local prefix omission completeness is trusted
C7,replay,All primary source receipts match raw source histories,analyze_continuation.py; results/continuation-summary.json; results/continuation-traces,python analyze_continuation.py,supported,retained traces only
C8,safety,Safe policies have zero false complete and zero unsound rows,results/continuation-summary.json; results/continuation-case-aggregate.csv,python run_continuation_suite.py,supported,4536 observations per policy
C9,comparison,Safe policies share exact and complete outcome counts,results/continuation-summary.json,python analyze_continuation.py,supported,frozen generated workload
C10,measurement,Continuation mean source bytes per query is 353.841,results/continuation-summary.json; results/continuation-traces,python analyze_continuation.py,supported,common feed/setup allocated; result and source-body transport excluded
C11,measurement,Continuation source-byte reductions are 83.60/82.96/51.47 percent,results/continuation-summary.json,python analyze_continuation.py,supported,standing queries only
C12,measurement,Continuation maximum logical state is 60078 B and mirror is 1735030 B,results/continuation-summary.json; results/continuation-traces,python analyze_continuation.py,supported,serialized logical state not RSS
C13,coverage,Primary campaign exercises 48 shard repairs,results/continuation-summary.json; results/continuation-traces,python analyze_continuation.py,supported,repair rate workload-specific
C14,negative-control,Unsafe stale policy produces 1910 false complete and 2075 unsound rows,results/continuation-summary.json,python analyze_continuation.py,supported,deliberately unsafe
C15,negative-result,One-shot certificate uses 4673.661 B/q versus overlay 2173.183 at equal safe outcomes,results/summary.json; results/observations.csv; proofs/model.md,python run_suite.py,supported,cold co-resident body-local setting
C16,reproduction,Four-stage continuation suite passes under stated bounds,results/continuation-clean-reproduction.json; results/continuation-reproduction-logs,python run_continuation_suite.py,supported,host-specific resource record
C17,provenance,All consumed source inputs and licenses are inventoried,inputs/source_inventory.csv; docs/third-party.md; external_resources.csv,python analyze_continuation.py,supported,installed source subsets not full histories
C18,literature,Inherited literature reading-depth records are retained without a new complete-reading claim,docs/literature-calibration.md,manual source audit,supported,historical calibration; not a journal-fit or novelty certificate
C19,provenance,Six published cachetools function-changing commits are projected from the exact retained v7.1.4 module with frozen stage digests,inputs/git-history/cachetools-function-history.json; src/real_history.py; docs/real-history-provenance.md,python -m unittest tests.test_real_history -v,supported,function-level projection only; not complete Git snapshots
C20,process-recovery,Six source replicas run in distinct OS processes and a terminated replica converges after new-PID restart and replay,src/process_service.py; results/real-history-trace.json.gz; results/real-history-summary.json,python run_real_history_suite.py,supported,single host and loopback; no durable disk or independent-machine recovery
C21,validation,All 408 held-out observations for each safe policy are exact complete and sound; continuation uses 400.069 B/q versus overlay 2193.613 B/q,results/real-history-summary.json; results/real-history-policies.csv; results/real-history-trace.json.gz,python run_real_history_suite.py,supported,six commits; 64 disjoint plus four targeted deterministic queries; no user query log
C22,negative-control,Held-out unsafe stale yields 22 false complete and 21 unsound rows; both-owner outage fails closed and heals to exact,results/real-history-summary.json; results/real-history-trace.json.gz,python analyze_real_history.py,supported,one directed outage/heal probe and one fixed change trace
C23,replay,Held-out analyzer reconstructs 1991 delivered source receipts and all checker/policy transitions,analyze_real_history.py; results/real-history-summary.json,python analyze_real_history.py,supported,retained trace only; source truth remains a crash-model assumption at runtime
C24,reproduction,Three-stage held-out history/process suite passes under stated bounds,results/real-history-clean-reproduction.json; results/real-history-reproduction-logs,python run_real_history_suite.py,supported,host-specific resource record
C25,literature,"The active manuscript contains 67 unique cited scholarly records; each has a complete author list and a DOI or official scholarly/venue record, with reading depth separately declared",docs/reference-audit.csv; docs/reference-verification.csv; docs/literature-calibration.md,python validate_release.py --paper-dir ../paper,supported,record and citation consistency; 21 complete-main-text calibrations and 46 metadata/abstract/selected-passage checks; not a systematic review
C26,reproduction,"The final packet closes reference keys, material evidence paths, frozen result invariants, retained inputs, Git-history projection, and package hygiene in one offline validator",validate_release.py; refresh_resource_ledger.py; run_all_validation.py; tests/test_release_validation.py; results/release-validation.json,python run_all_validation.py; python validate_release.py --paper-dir ../paper --project-root .. --no-write,supported,"internal consistency and retained-fixture validation only; not peer review, arbitrary-execution proof, or deployment evidence"
