name,url,license,access_date,resource_type,acquisition_method,integration_mode,supported_claim,internals_modified
cachetools installed source subset 7.1.4,https://github.com/tkem/cachetools,MIT,2026-09-10,public licensed source text,preinstalled distribution; static .py and license copy; no package import,exact copied source input plus derived AST fragments; never imported,107-file corpus; syntactic extraction and generated change experiments,no; generated fragments/events stored separately
click installed source subset 8.1.8,https://github.com/pallets/click,BSD-3-Clause,2026-09-10,public licensed source text,preinstalled distribution; static .py and license copy; no package import,exact copied source input plus derived AST fragments; never imported,107-file corpus; syntactic extraction and generated change experiments,no; generated fragments/events stored separately
itsdangerous installed source subset 2.2.0,https://github.com/pallets/itsdangerous,BSD-3-Clause,2026-09-10,public licensed source text,preinstalled distribution; static .py and license copy; no package import,exact copied source input plus derived AST fragments; never imported,107-file corpus; syntactic extraction and generated change experiments,no; generated fragments/events stored separately
jinja2 installed source subset 3.1.6,https://github.com/pallets/jinja,BSD-3-Clause,2026-09-10,public licensed source text,preinstalled distribution; static .py and license copy; no package import,exact copied source input plus derived AST fragments; never imported,107-file corpus; syntactic extraction and generated change experiments,no; generated fragments/events stored separately
markupsafe installed source subset 3.0.3,https://github.com/pallets/markupsafe,BSD-3-Clause,2026-09-10,public licensed source text,preinstalled distribution; static .py and license copy; no package import,exact copied source input plus derived AST fragments; never imported,107-file corpus; syntactic extraction and generated change experiments,no; generated fragments/events stored separately
packaging installed source subset 25.0,https://github.com/pypa/packaging,BSD-2-Clause OR Apache-2.0; BSD option used,2026-09-10,public licensed source text,preinstalled distribution; static .py and license copy; no package import,exact copied source input plus derived AST fragments; never imported,107-file corpus; syntactic extraction and generated change experiments,no; generated fragments/events stored separately
toolz installed source subset 1.1.0,https://github.com/pytoolz/toolz,BSD-3-Clause,2026-09-10,public licensed source text,preinstalled distribution; static .py and license copy; no package import,exact copied source input plus derived AST fragments; never imported,107-file corpus; syntactic extraction and generated change experiments,no; generated fragments/events stored separately
attrs installed source subset 26.1.0,https://github.com/python-attrs/attrs,MIT,2026-09-10,public licensed source text,preinstalled distribution; static .py and license copy; no package import,exact copied source input plus derived AST fragments; never imported,107-file corpus; syntactic extraction and generated change experiments,no; generated fragments/events stored separately
Hybrid Global-Local Indexing for Efficient Peer-to-Peer Information Retrieval,https://www.usenix.org/conference/nsdi-04/hybrid-global-local-indexing-efficient-peer-peer-information-retrieval,read-only scholarly access; redistribution not asserted,2026-09-11,scholarly paper,official or author-hosted full-text reading; depth recorded in docs/literature-calibration.md,comparison and manuscript citation; paper bytes not redistributed,Federated retrieval with global and local indexes.,no
Scaling Memcache at Facebook,https://www.usenix.org/conference/nsdi13/technical-sessions/presentation/nishtala,read-only scholarly access; redistribution not asserted,2026-09-11,scholarly paper,official or author-hosted full-text reading; depth recorded in docs/literature-calibration.md,comparison and manuscript citation; paper bytes not redistributed,"Operational invalidation, locality, and large-scale cache architecture.",no
Stronger Semantics for Low-Latency Geo-Replicated Storage,https://www.usenix.org/conference/nsdi13/technical-sessions/presentation/lloyd,read-only scholarly access; redistribution not asserted,2026-09-11,scholarly paper,official or author-hosted full-text reading; depth recorded in docs/literature-calibration.md,comparison and manuscript citation; paper bytes not redistributed,Causal consistency and transactional operations in geo-replication.,no
Warranties for Faster Strong Consistency,https://www.usenix.org/conference/nsdi14/technical-sessions/presentation/liu_jed,read-only scholarly access; redistribution not asserted,2026-09-11,scholarly paper,official or author-hosted full-text reading; depth recorded in docs/literature-calibration.md,comparison and manuscript citation; paper bytes not redistributed,Reusable assertions that avoid communication while valid.,no
Easy Freshness with Pequod Cache Joins,https://www.usenix.org/conference/nsdi14/technical-sessions/presentation/kate,read-only scholarly access; redistribution not asserted,2026-09-11,scholarly paper,official or author-hosted full-text reading; depth recorded in docs/literature-calibration.md,comparison and manuscript citation; paper bytes not redistributed,Partially materialized cache joins and incremental repair.,no
C3: Cutting Tail Latency in Cloud Data Stores via Adaptive Replica Selection,https://www.usenix.org/conference/nsdi15/technical-sessions/presentation/suresh,read-only scholarly access; redistribution not asserted,2026-09-11,scholarly paper,official or author-hosted full-text reading; depth recorded in docs/literature-calibration.md,comparison and manuscript citation; paper bytes not redistributed,Replica selection under heterogeneous queues.,no
Wormhole: Reliable Pub-Sub to Support Geo-replicated Internet Services,https://www.usenix.org/conference/nsdi15/technical-sessions/presentation/sharma,read-only scholarly access; redistribution not asserted,2026-09-11,scholarly paper,official or author-hosted full-text reading; depth recorded in docs/literature-calibration.md,comparison and manuscript citation; paper bytes not redistributed,Reliable ordered publish/subscribe for geo services.,no
NetChain: Scale-Free Sub-RTT Coordination,https://www.usenix.org/conference/nsdi18/presentation/jin,read-only scholarly access; redistribution not asserted,2026-09-11,scholarly paper,official or author-hosted full-text reading; depth recorded in docs/literature-calibration.md,comparison and manuscript citation; paper bytes not redistributed,Narrow coordination primitive with deployment evidence.,no
Exploiting Commutativity for Practical Fast Replication,https://www.usenix.org/conference/nsdi19/presentation/park,read-only scholarly access; redistribution not asserted,2026-09-11,scholarly paper,official or author-hosted full-text reading; depth recorded in docs/literature-calibration.md,comparison and manuscript citation; paper bytes not redistributed,Witness state for fast replicated updates and recovery.,no
Gryff: Unifying Consensus and Shared Registers,https://www.usenix.org/conference/nsdi20/presentation/burke,read-only scholarly access; redistribution not asserted,2026-09-11,scholarly paper,official or author-hosted full-text reading; depth recorded in docs/literature-calibration.md,comparison and manuscript citation; paper bytes not redistributed,Unified consistency protocols and mode tradeoffs.,no
Scalog: Seamless Reconfiguration and Total Order in a Scalable Shared Log,https://www.usenix.org/conference/nsdi20/presentation/ding,read-only scholarly access; redistribution not asserted,2026-09-11,scholarly paper,official or author-hosted full-text reading; depth recorded in docs/literature-calibration.md,comparison and manuscript citation; paper bytes not redistributed,Shared-log total order and reconfiguration.,no
MuCache: A General Framework for Caching in Microservice Graphs,https://www.usenix.org/conference/nsdi24/presentation/zhang-haoran,read-only scholarly access; redistribution not asserted,2026-09-11,scholarly paper,official or author-hosted full-text reading; depth recorded in docs/literature-calibration.md,comparison and manuscript citation; paper bytes not redistributed,Automated caching and invalidation across service graphs.,no
Optimal Aggregation Algorithms for Middleware,https://doi.org/10.1016/S0022-0000(03)00026-6,read-only scholarly access; redistribution not asserted,2026-09-11,scholarly paper,official or author-hosted full-text reading; depth recorded in docs/literature-calibration.md,comparison and manuscript citation; paper bytes not redistributed,Threshold stopping and instance optimality under explicit access models.,no
Distributed Top-K Monitoring,https://doi.org/10.1145/872757.872764,read-only scholarly access; redistribution not asserted,2026-09-11,scholarly paper,official or author-hosted full-text reading; depth recorded in docs/literature-calibration.md,comparison and manuscript citation; paper bytes not redistributed,Distributed constraints and communication on violation.,no
Large-scale Incremental Processing Using Distributed Transactions and Notifications,https://www.usenix.org/legacy/events/osdi10/tech/full_papers/Peng.pdf,read-only scholarly access; redistribution not asserted,2026-09-11,scholarly paper,official or author-hosted full-text reading; depth recorded in docs/literature-calibration.md,comparison and manuscript citation; paper bytes not redistributed,Transactional incremental indexing with notifications.,no
Differential Dataflow,https://www.cidrdb.org/cidr2013/Papers/CIDR13_Paper111.pdf,read-only scholarly access; redistribution not asserted,2026-09-11,scholarly paper,official or author-hosted full-text reading; depth recorded in docs/literature-calibration.md,comparison and manuscript citation; paper bytes not redistributed,General incremental computation over changing collections.,no
FaCoY: A Code-to-Code Search Engine,https://doi.org/10.1145/3180155.3180187,read-only scholarly access; redistribution not asserted,2026-09-11,scholarly paper,official or author-hosted full-text reading; depth recorded in docs/literature-calibration.md,comparison and manuscript citation; paper bytes not redistributed,Code-to-code query alternation and TF--IDF/cosine ranking.,no
Big Code Search: A Bibliography,https://doi.org/10.1145/3604905,read-only scholarly access; redistribution not asserted,2026-09-11,scholarly paper,official or author-hosted full-text reading; depth recorded in docs/literature-calibration.md,comparison and manuscript citation; paper bytes not redistributed,Survey of code-search methods and evaluation.,no
"Noria: Dynamic, Partially-Stateful Data-Flow for High-Performance Web Applications",https://www.usenix.org/conference/osdi18/presentation/gjengset,read-only scholarly access; redistribution not asserted,2026-09-11,scholarly paper,official or author-hosted full-text reading; depth recorded in docs/literature-calibration.md,comparison and manuscript citation; paper bytes not redistributed,"Partial materialization, holes, and reconstruction.",no
Skybridge: Bounded Staleness for Distributed Caches,https://www.usenix.org/conference/osdi25/presentation/lyerly,read-only scholarly access; redistribution not asserted,2026-09-11,scholarly paper,official or author-hosted full-text reading; depth recorded in docs/literature-calibration.md,comparison and manuscript citation; paper bytes not redistributed,Wall-clock bounded staleness for distributed caches.,no
WriteGuards: Distributed Storage Support for Strongly Consistent Caches,https://www.usenix.org/conference/osdi26/presentation/mao-ziming-writeguards,read-only scholarly access; redistribution not asserted,2026-09-11,scholarly paper,official or author-hosted full-text reading; depth recorded in docs/literature-calibration.md,comparison and manuscript citation; paper bytes not redistributed,Storage-enforced ordering and fencing for caches.,no
NSDI 2027 call for papers,https://www.usenix.org/conference/nsdi27/call-for-papers,public read-only workflow evidence,2026-09-11,official venue rule,first-party web reading,workflow/state only; not a manuscript research reference,"initial-paper length, introduction, anonymity, and external AI-policy boundary",no
USENIX paper template family,https://www.usenix.org/conferences/author-resources/paper-templates,public template and documentation,2026-09-11,formatting asset,matched supplied template archive; official family checked,paper/usenix.sty retained byte-for-byte from supplied template,anonymous USENIX initial-paper geometry,no
PODS Alberto O. Mendelzon Test-of-Time Award record,https://sigmod.org/pods-home/acm-pods-alberto-o-mendelzon-test-of-time-award/,public read-only award record,2026-09-11,official recognition record,official web reading,literature calibration only,recognition basis for aggregation-algorithm calibration,no
Evaluating top-k selection queries,https://www.vldb.org/dblp/db/conf/vldb/ChaudhuriG99.html,scholarly access only; redistribution rights not asserted,2026-09-13,scholarly paper,official publication record/abstract and selected passage used for bibliography audit; reading depth recorded in docs/reference-audit.csv,comparison and manuscript citation; publication bytes not redistributed,Evaluation strategies for ranked selection.,no
Efficient top-k query calculation in distributed networks,https://doi.org/10.1145/1011767.1011798,scholarly access only; redistribution rights not asserted,2026-09-13,scholarly paper,official publication record/abstract and selected passage used for bibliography audit; reading depth recorded in docs/reference-audit.csv,comparison and manuscript citation; publication bytes not redistributed,Distributed top-k calculation and communication cost.,no
Top-k selection queries over relational databases: Mapping strategies and performance evaluation,https://doi.org/10.1145/568518.568519,scholarly access only; redistribution rights not asserted,2026-09-13,scholarly paper,official publication record/abstract and selected passage used for bibliography audit; reading depth recorded in docs/reference-audit.csv,comparison and manuscript citation; publication bytes not redistributed,Top-k mapping strategies and performance tradeoffs.,no
Evaluating top-k queries over Web-accessible databases,https://doi.org/10.1145/1005566.1005569,scholarly access only; redistribution rights not asserted,2026-09-13,scholarly paper,official publication record/abstract and selected passage used for bibliography audit; reading depth recorded in docs/reference-audit.csv,comparison and manuscript citation; publication bytes not redistributed,Top-k over restricted and remote access interfaces.,no
Efficient query evaluation using a two-level retrieval process,https://doi.org/10.1145/956863.956944,scholarly access only; redistribution rights not asserted,2026-09-13,scholarly paper,official publication record/abstract and selected passage used for bibliography audit; reading depth recorded in docs/reference-audit.csv,comparison and manuscript citation; publication bytes not redistributed,Candidate generation followed by exact refinement.,no
Continuously adaptive continuous queries over streams,https://doi.org/10.1145/564691.564698,scholarly access only; redistribution rights not asserted,2026-09-13,scholarly paper,official publication record/abstract and selected passage used for bibliography audit; reading depth recorded in docs/reference-audit.csv,comparison and manuscript citation; publication bytes not redistributed,Adaptive long-running query plans over streams.,no
Monitoring streams: A new class of data management applications,https://www.vldb.org/conf/2002/S07P01.pdf,scholarly access only; redistribution rights not asserted,2026-09-13,scholarly paper,official publication record/abstract and selected passage used for bibliography audit; reading depth recorded in docs/reference-audit.csv,comparison and manuscript citation; publication bytes not redistributed,Standing monitoring queries and stream semantics.,no
Adaptive precision setting for cached approximate values,https://doi.org/10.1145/375663.375710,scholarly access only; redistribution rights not asserted,2026-09-13,scholarly paper,official publication record/abstract and selected passage used for bibliography audit; reading depth recorded in docs/reference-audit.csv,comparison and manuscript citation; publication bytes not redistributed,Cached values with explicit precision bounds.,no
Efficiently updating materialized views,https://doi.org/10.1145/16894.16861,scholarly access only; redistribution rights not asserted,2026-09-13,scholarly paper,official publication record/abstract and selected passage used for bibliography audit; reading depth recorded in docs/reference-audit.csv,comparison and manuscript citation; publication bytes not redistributed,Foundational incremental materialized-view maintenance.,no
"Maintenance of materialized views: Problems, techniques, and applications",https://www.vldb.org/dblp/db/journals/debu/GuptaM95.html,scholarly access only; redistribution rights not asserted,2026-09-13,scholarly paper,official publication record/abstract and selected passage used for bibliography audit; reading depth recorded in docs/reference-audit.csv,comparison and manuscript citation; publication bytes not redistributed,Survey and taxonomy of view-maintenance obligations.,no
Naiad: A timely dataflow system,https://doi.org/10.1145/2517349.2522738,scholarly access only; redistribution rights not asserted,2026-09-13,scholarly paper,official publication record/abstract and selected passage used for bibliography audit; reading depth recorded in docs/reference-audit.csv,comparison and manuscript citation; publication bytes not redistributed,Logical timestamps and iterative incremental dataflow.,no
"DBToaster: Higher-order delta processing for dynamic, frequently fresh views",https://doi.org/10.14778/2336664.2336670,scholarly access only; redistribution rights not asserted,2026-09-13,scholarly paper,official publication record/abstract and selected passage used for bibliography audit; reading depth recorded in docs/reference-audit.csv,comparison and manuscript citation; publication bytes not redistributed,Higher-order deltas for frequently refreshed views.,no
DBSP: Automatic incremental view maintenance for rich query languages,https://doi.org/10.14778/3587136.3587137,scholarly access only; redistribution rights not asserted,2026-09-13,scholarly paper,official publication record/abstract and selected passage used for bibliography audit; reading depth recorded in docs/reference-audit.csv,comparison and manuscript citation; publication bytes not redistributed,Algebraic automatic incrementalization.,no
Transactional consistency and automatic management in an application data cache,https://www.usenix.org/legacy/events/osdi10/tech/full_papers/Ports.pdf,scholarly access only; redistribution rights not asserted,2026-09-13,scholarly paper,official publication record/abstract and selected passage used for bibliography audit; reading depth recorded in docs/reference-audit.csv,comparison and manuscript citation; publication bytes not redistributed,Transactionally consistent application caching.,no
The CacheLib caching engine: Design and experiences at scale,https://www.usenix.org/conference/osdi20/presentation/berg,scholarly access only; redistribution rights not asserted,2026-09-13,scholarly paper,official publication record/abstract and selected passage used for bibliography audit; reading depth recorded in docs/reference-audit.csv,comparison and manuscript citation; publication bytes not redistributed,Production cache-engine design and state-management tradeoffs.,no
Chain replication for supporting high throughput and availability,https://www.usenix.org/legacy/events/osdi04/tech/full_papers/renesse/renesse.pdf,scholarly access only; redistribution rights not asserted,2026-09-13,scholarly paper,official publication record/abstract and selected passage used for bibliography audit; reading depth recorded in docs/reference-audit.csv,comparison and manuscript citation; publication bytes not redistributed,Ordered replication with explicit failure handling.,no
Object storage on CRAQ: High-throughput chain replication for read-mostly workloads,https://www.usenix.org/legacy/events/usenix09/tech/full_papers/terrace/terrace.pdf,scholarly access only; redistribution rights not asserted,2026-09-13,scholarly paper,official publication record/abstract and selected passage used for bibliography audit; reading depth recorded in docs/reference-audit.csv,comparison and manuscript citation; publication bytes not redistributed,Read scaling over chain replication.,no
"Managing update conflicts in Bayou, a weakly connected replicated storage system",https://doi.org/10.1145/224057.224070,scholarly access only; redistribution rights not asserted,2026-09-13,scholarly paper,official publication record/abstract and selected passage used for bibliography audit; reading depth recorded in docs/reference-audit.csv,comparison and manuscript citation; publication bytes not redistributed,"Disconnected replication, tentative updates, and reconciliation.",no
Dynamo: Amazon\'s highly available key-value store,https://doi.org/10.1145/1294261.1294281,scholarly access only; redistribution rights not asserted,2026-09-13,scholarly paper,official publication record/abstract and selected passage used for bibliography audit; reading depth recorded in docs/reference-audit.csv,comparison and manuscript citation; publication bytes not redistributed,Highly available replicated storage and version reconciliation.,no
PNUTS: Yahoo!\'s hosted data serving platform,https://doi.org/10.14778/1454159.1454167,scholarly access only; redistribution rights not asserted,2026-09-13,scholarly paper,official publication record/abstract and selected passage used for bibliography audit; reading depth recorded in docs/reference-audit.csv,comparison and manuscript citation; publication bytes not redistributed,Per-record timeline consistency and hosted serving.,no
Don\'t settle for eventual: Scalable causal consistency for wide-area storage with COPS,https://doi.org/10.1145/2043556.2043593,scholarly access only; redistribution rights not asserted,2026-09-13,scholarly paper,official publication record/abstract and selected passage used for bibliography audit; reading depth recorded in docs/reference-audit.csv,comparison and manuscript citation; publication bytes not redistributed,Causal dependencies across geo-replicated storage.,no
Probabilistically bounded staleness for practical partial quorums,https://www.vldb.org/pvldb/vol5/p776_peterbailis_vldb2012.pdf,scholarly access only; redistribution rights not asserted,2026-09-13,scholarly paper,inherited access date retained; canonical link corrected to official VLDB PDF on 2026-10-06; reading depth recorded in docs/reference-verification.csv,comparison and manuscript citation; publication bytes not redistributed,Quantitative staleness bounds for partial quorums.,no
Spanner: Google\'s globally-distributed database,https://www.usenix.org/conference/osdi12/technical-sessions/presentation/corbett,scholarly access only; redistribution rights not asserted,2026-09-13,scholarly paper,official publication record/abstract and selected passage used for bibliography audit; reading depth recorded in docs/reference-audit.csv,comparison and manuscript citation; publication bytes not redistributed,Global transactions and externally consistent snapshots.,no
Bolt-on causal consistency,https://doi.org/10.1145/2463676.2465279,scholarly access only; redistribution rights not asserted,2026-09-13,scholarly paper,official publication record/abstract and selected passage used for bibliography audit; reading depth recorded in docs/reference-audit.csv,comparison and manuscript citation; publication bytes not redistributed,Causal consistency layered over existing stores.,no
GentleRain: Cheap and scalable causal consistency with physical clocks,https://doi.org/10.1145/2670979.2670983,scholarly access only; redistribution rights not asserted,2026-09-13,scholarly paper,official publication record/abstract and selected passage used for bibliography audit; reading depth recorded in docs/reference-audit.csv,comparison and manuscript citation; publication bytes not redistributed,Clock-based causal visibility and stable time.,no
In search of an understandable consensus algorithm,https://www.usenix.org/conference/atc14/technical-sessions/presentation/ongaro,scholarly access only; redistribution rights not asserted,2026-09-13,scholarly paper,official publication record/abstract and selected passage used for bibliography audit; reading depth recorded in docs/reference-audit.csv,comparison and manuscript citation; publication bytes not redistributed,Consensus log replication and explicit term/commit semantics.,no
Kafka: A distributed messaging system for log processing,https://www.microsoft.com/en-us/research/event/netdb-2011/program/,scholarly access only; redistribution rights not asserted,2026-09-13,scholarly paper,official publication record/abstract and selected passage used for bibliography audit; reading depth recorded in docs/reference-audit.csv,comparison and manuscript citation; publication bytes not redistributed,Partitioned durable log substrate for consumers.,no
CORFU: A shared log design for flash clusters,https://www.usenix.org/conference/nsdi12/technical-sessions/presentation/balakrishnan,scholarly access only; redistribution rights not asserted,2026-09-13,scholarly paper,official publication record/abstract and selected passage used for bibliography audit; reading depth recorded in docs/reference-audit.csv,comparison and manuscript citation; publication bytes not redistributed,Shared log abstraction decoupled from clients.,no
Tango: Distributed data structures over a shared log,https://doi.org/10.1145/2517349.2522732,scholarly access only; redistribution rights not asserted,2026-09-13,scholarly paper,official publication record/abstract and selected passage used for bibliography audit; reading depth recorded in docs/reference-audit.csv,comparison and manuscript citation; publication bytes not redistributed,Materialized distributed objects over an ordered log.,no
Virtual consensus in Delos,https://www.usenix.org/conference/osdi20/presentation/balakrishnan,scholarly access only; redistribution rights not asserted,2026-09-13,scholarly paper,official publication record/abstract and selected passage used for bibliography audit; reading depth recorded in docs/reference-audit.csv,comparison and manuscript citation; publication bytes not redistributed,Layered virtual log with online protocol changes.,no
Sourcerer: Mining and searching Internet-scale software repositories,https://doi.org/10.1007/s10618-008-0118-x,scholarly access only; redistribution rights not asserted,2026-09-13,scholarly paper,official publication record/abstract and selected passage used for bibliography audit; reading depth recorded in docs/reference-audit.csv,comparison and manuscript citation; publication bytes not redistributed,Large-scale source-code indexing and search.,no
Portfolio: Finding relevant functions and their usage,https://doi.org/10.1145/1985793.1985809,scholarly access only; redistribution rights not asserted,2026-09-13,scholarly paper,official publication record/abstract and selected passage used for bibliography audit; reading depth recorded in docs/reference-audit.csv,comparison and manuscript citation; publication bytes not redistributed,Function retrieval and usage examples.,no
CodeHow: Effective code search based on API understanding and extended Boolean model,https://doi.org/10.1109/ASE.2015.42,scholarly access only; redistribution rights not asserted,2026-09-13,scholarly paper,official publication record/abstract and selected passage used for bibliography audit; reading depth recorded in docs/reference-audit.csv,comparison and manuscript citation; publication bytes not redistributed,API-aware code search and ranking.,no
Deep code search,https://doi.org/10.1145/3180155.3180167,scholarly access only; redistribution rights not asserted,2026-09-13,scholarly paper,official publication record/abstract and selected passage used for bibliography audit; reading depth recorded in docs/reference-audit.csv,comparison and manuscript citation; publication bytes not redistributed,Learned natural-language-to-code retrieval.,no
CodeSearchNet challenge: Evaluating the state of semantic code search,https://arxiv.org/abs/1909.09436,scholarly access only; redistribution rights not asserted,2026-09-13,scholarly paper,official publication record/abstract and selected passage used for bibliography audit; reading depth recorded in docs/reference-audit.csv,comparison and manuscript citation; publication bytes not redistributed,Dataset and evaluation framework for semantic code search.,no
Aroma: Code recommendation via structural code search,https://doi.org/10.1145/3360578,scholarly access only; redistribution rights not asserted,2026-09-13,scholarly paper,official publication record/abstract and selected passage used for bibliography audit; reading depth recorded in docs/reference-audit.csv,comparison and manuscript citation; publication bytes not redistributed,"Structural search, clustering, and code recommendation.",no
CodeBERT: A pre-trained model for programming and natural languages,https://doi.org/10.18653/v1/2020.findings-emnlp.139,scholarly access only; redistribution rights not asserted,2026-09-13,scholarly paper,official publication record/abstract and selected passage used for bibliography audit; reading depth recorded in docs/reference-audit.csv,comparison and manuscript citation; publication bytes not redistributed,Pretrained code/text representations used in retrieval.,no
GraphCodeBERT: Pre-training code representations with data flow,https://openreview.net/forum?id=jLoC4ez43PZ,scholarly access only; redistribution rights not asserted,2026-09-13,scholarly paper,official publication record/abstract and selected passage used for bibliography audit; reading depth recorded in docs/reference-audit.csv,comparison and manuscript citation; publication bytes not redistributed,Code representation learning with data-flow structure.,no
"CoSQA: 20,000+ Web queries for code search and question answering",https://doi.org/10.18653/v1/2021.acl-long.442,scholarly access only; redistribution rights not asserted,2026-09-13,scholarly paper,official publication record/abstract and selected passage used for bibliography audit; reading depth recorded in docs/reference-audit.csv,comparison and manuscript citation; publication bytes not redistributed,Real Web-query benchmark for code search.,no
Protocols for public key cryptosystems,https://doi.org/10.1109/SP.1980.10006,scholarly access only; redistribution rights not asserted,2026-09-13,scholarly paper,official publication record/abstract and selected passage used for bibliography audit; reading depth recorded in docs/reference-audit.csv,comparison and manuscript citation; publication bytes not redistributed,Hash-tree commitment foundation for authenticated data structures.,no
Implementation of an authenticated dictionary with skip lists and commutative hashing,https://doi.org/10.1109/DISCEX.2001.932160,scholarly access only; redistribution rights not asserted,2026-09-13,scholarly paper,official publication record/abstract and selected passage used for bibliography audit; reading depth recorded in docs/reference-audit.csv,comparison and manuscript citation; publication bytes not redistributed,Dynamic authenticated dictionaries.,no
Authenticating query results in edge computing,https://doi.org/10.1109/ICDE.2004.1320027,scholarly access only; redistribution rights not asserted,2026-09-13,scholarly paper,official publication record/abstract and selected passage used for bibliography audit; reading depth recorded in docs/reference-audit.csv,comparison and manuscript citation; publication bytes not redistributed,Authentication of outsourced relational query results.,no
Dynamic authenticated index structures for outsourced databases,https://doi.org/10.1145/1142473.1142488,scholarly access only; redistribution rights not asserted,2026-09-13,scholarly paper,official publication record/abstract and selected passage used for bibliography audit; reading depth recorded in docs/reference-audit.csv,comparison and manuscript citation; publication bytes not redistributed,Dynamic authenticated database indexes.,no
Authenticating top-k queries in location-based services with confidentiality,https://www.vldb.org/pvldb/vol7/p49-chen.pdf,scholarly access only; redistribution rights not asserted,2026-09-13,scholarly paper,official publication record/abstract and selected passage used for bibliography audit; reading depth recorded in docs/reference-audit.csv,comparison and manuscript citation; publication bytes not redistributed,Cryptographic authentication of top-k answers.,no
IntegriDB: Verifiable SQL for outsourced databases,https://doi.org/10.1145/2810103.2813711,scholarly access only; redistribution rights not asserted,2026-09-13,scholarly paper,official publication record/abstract and selected passage used for bibliography audit; reading depth recorded in docs/reference-audit.csv,comparison and manuscript citation; publication bytes not redistributed,Verifiable SQL over outsourced databases.,no
vSQL: Verifying arbitrary SQL queries over dynamic outsourced databases,https://doi.org/10.1109/SP.2017.43,scholarly access only; redistribution rights not asserted,2026-09-13,scholarly paper,official publication record/abstract and selected passage used for bibliography audit; reading depth recorded in docs/reference-audit.csv,comparison and manuscript citation; publication bytes not redistributed,General verifiable SQL with dynamic data.,no
cachetools published function-history interval v7.1.4 to v7.1.8,https://github.com/tkem/cachetools/compare/48284d73d0a8834c9c50f8d41bb99e6f93b2dfed...4500e3d04288738d25acbb4973eb3c3e1bf41db9,MIT,2026-09-16,public Git commit metadata and patches,official GitHub commit records and patches; six selected commit IDs and function hunks frozen locally,function-body changes projected onto the exact retained v7.1.4 module; every stage digest verified,held-out published-change validation and process recovery experiment; not complete repository snapshots or a user trace,no; the projection preserves published function bodies and records exclusions explicitly
