case,seed,queries,repair_queries,repair_shards,continuation_exact,continuation_complete,continuation_false_complete,continuation_unsound_rows,continuation_mean_bytes,continuation_mean_messages,overlay_exact,overlay_complete,overlay_false_complete,overlay_unsound_rows,overlay_mean_bytes,overlay_mean_messages,cut-cache_exact,cut-cache_complete,cut-cache_false_complete,cut-cache_unsound_rows,cut-cache_mean_bytes,cut-cache_mean_messages,mirror_exact,mirror_complete,mirror_false_complete,mirror_unsound_rows,mirror_mean_bytes,mirror_mean_messages,unsafe-stale_exact,unsafe-stale_complete,unsafe-stale_false_complete,unsafe-stale_unsound_rows,unsafe-stale_mean_bytes,unsafe-stale_mean_messages,continuation_state_bytes,cut-cache_state_bytes,mirror_state_bytes
fresh,2,252,4,4,252,252,0,0,363.17857142857144,1.9126984126984128,252,252,0,0,2158.2063492063494,6.0,252,252,0,0,2158.2063492063494,6.0,252,252,0,0,683.7063492063492,1.5238095238095237,143,252,109,154,0.0,0.0,59575,18037,1735030
fresh,3,252,2,2,252,252,0,0,342.3492063492063,1.8968253968253967,252,252,0,0,2194.4801587301586,6.0,252,252,0,0,2194.4801587301586,6.0,252,252,0,0,684.1111111111111,1.5238095238095237,130,252,122,103,0.0,0.0,57141,18179,1735030
index-lag,2,252,4,4,252,252,0,0,363.6468253968254,1.9126984126984128,252,252,0,0,2158.2063492063494,6.0,252,252,0,0,2158.2063492063494,6.0,252,252,0,0,683.7063492063492,1.5238095238095237,143,252,109,154,0.0,0.0,59423,18037,1735030
index-lag,3,252,2,2,252,252,0,0,342.32142857142856,1.8968253968253967,252,252,0,0,2194.4801587301586,6.0,252,252,0,0,2194.4801587301586,6.0,252,252,0,0,684.1111111111111,1.5238095238095237,130,252,122,103,0.0,0.0,57141,18179,1735030
log-gap,2,252,4,4,204,172,0,0,370.86507936507934,2.0714285714285716,204,172,0,0,2112.126984126984,6.634920634920635,204,172,0,0,2112.126984126984,6.634920634920635,204,172,0,0,691.0873015873016,1.6825396825396826,143,252,109,154,0.0,0.0,59535,18037,1735030
log-gap,3,252,2,2,192,172,0,0,351.2936507936508,2.0555555555555554,192,172,0,0,2147.376984126984,6.634920634920635,192,172,0,0,2147.376984126984,6.634920634920635,192,172,0,0,691.4920634920635,1.6825396825396826,130,252,122,103,0.0,0.0,57548,18237,1735030
partition,2,252,4,4,212,188,0,0,357.9047619047619,1.7857142857142858,212,188,0,0,1966.7738095238096,5.492063492063492,212,188,0,0,1966.7738095238096,5.492063492063492,212,188,0,0,676.2777777777778,1.3968253968253967,143,252,109,154,0.0,0.0,60078,18037,1735030
partition,3,252,2,2,204,188,0,0,340.9325396825397,1.7698412698412698,204,188,0,0,2001.202380952381,5.492063492063492,204,188,0,0,2001.202380952381,5.492063492063492,204,188,0,0,676.6825396825396,1.3968253968253967,130,252,122,103,0.0,0.0,58646,18214,1735030
crash,2,252,4,4,252,252,0,0,368.05555555555554,2.0396825396825395,252,252,0,0,2233.0793650793653,6.507936507936508,252,252,0,0,2233.0793650793653,6.507936507936508,252,252,0,0,688.2777777777778,1.6507936507936507,143,252,109,154,0.0,0.0,59535,18037,1735030
crash,3,252,2,2,252,252,0,0,346.87301587301585,2.0238095238095237,252,252,0,0,2269.3531746031745,6.507936507936508,252,252,0,0,2269.3531746031745,6.507936507936508,252,252,0,0,688.6825396825396,1.6507936507936507,130,252,122,103,0.0,0.0,57141,18179,1735030
rebalance,2,252,4,4,252,252,0,0,503.9920634920635,2.2698412698412698,252,252,0,0,2158.2063492063494,6.0,252,252,0,0,2158.2063492063494,6.0,252,252,0,0,1185.9246031746031,1.5238095238095237,143,252,109,154,0.0,0.0,47580,18037,1735030
rebalance,3,252,2,2,252,252,0,0,488.55555555555554,2.253968253968254,252,252,0,0,2194.4801587301586,6.0,252,252,0,0,2194.4801587301586,6.0,252,252,0,0,1185.904761904762,1.5238095238095237,130,252,122,103,0.0,0.0,46920,18179,1735030
hot-shard,2,252,0,0,252,252,0,0,221.92460317460316,0.9920634920634921,252,252,0,0,2182.753968253968,6.0,252,252,0,0,1460.0198412698412,4.031746031746032,252,252,0,0,583.8888888888889,0.6349206349206349,211,252,41,40,0.0,0.0,41685,18033,1735030
hot-shard,3,252,0,0,252,252,0,0,221.88888888888889,0.9920634920634921,252,252,0,0,2182.503968253968,6.0,252,252,0,0,1460.063492063492,4.031746031746032,252,252,0,0,583.8531746031746,0.6349206349206349,198,252,54,35,0.0,0.0,42237,18034,1735030
compaction,2,252,4,4,252,252,0,0,363.484126984127,1.9126984126984128,252,252,0,0,2158.2063492063494,6.0,252,252,0,0,2158.2063492063494,6.0,252,252,0,0,683.7063492063492,1.5238095238095237,143,252,109,154,0.0,0.0,59535,18037,1735030
compaction,3,252,2,2,252,252,0,0,342.3015873015873,1.8968253968253967,252,252,0,0,2194.4801587301586,6.0,252,252,0,0,2194.4801587301586,6.0,252,252,0,0,684.1111111111111,1.5238095238095237,130,252,122,103,0.0,0.0,57141,18179,1735030
rank-churn,2,252,3,3,252,252,0,0,339.49603174603175,1.9047619047619047,252,252,0,0,2159.2420634920636,6.0,252,252,0,0,2159.2420634920636,6.0,252,252,0,0,683.9285714285714,1.5238095238095237,176,252,76,100,0.0,0.0,53948,17951,1735030
rank-churn,3,252,3,3,252,252,0,0,340.0833333333333,1.9047619047619047,252,252,0,0,2163.972222222222,6.0,252,252,0,0,2163.972222222222,6.0,252,252,0,0,684.515873015873,1.5238095238095237,130,252,122,101,0.0,0.0,54616,17989,1735030
