case,complete,exact,repairs,continuation_bytes,overlay_bytes
fresh,504,504,6,352.7638888888889,2176.343253968254
index-lag,504,504,6,352.984126984127,2176.343253968254
log-gap,344,396,6,361.07936507936506,2129.751984126984
partition,376,416,6,349.4186507936508,1983.9880952380952
crash,504,504,6,357.4642857142857,2251.21626984127
rebalance,504,504,6,496.2738095238095,2176.343253968254
hot-shard,504,504,0,221.90674603174602,2182.628968253968
compaction,504,504,6,352.89285714285717,2176.343253968254
rank-churn,504,504,6,339.78968253968253,2161.6071428571427
