key,verification_status,authoritative_record_type,persistent_identifier,authoritative_url,title,year,venue,authors,metadata_match,reading_depth,checked_on,notes
aroma,record-linked-and-locally-consistent,publisher DOI record,doi:10.1145/3360578,https://doi.org/10.1145/3360578,Aroma: Code recommendation via structural code search,2019,Proceedings of the ACM on Programming Languages,Sifei Luan and Di Yang and Celeste Barnaby and Koushik Sen and Satish Chandra,title; year; venue; author list,bibliographic metadata plus official abstract or selected publication record; no complete-paper claim,2026-09-18,"Persistent DOI or official scholarly/venue record; bibliography, rendered key, audit key, title, year, venue, and complete author list are cross-checked offline. Reading-depth claim remains separately bounded."
authtopk2014,record-linked-and-locally-consistent,scholarly archive or proceedings record,official-record:https://www.vldb.org/pvldb/vol7/p49-chen.pdf,https://www.vldb.org/pvldb/vol7/p49-chen.pdf,Authenticating top-k queries in location-based services with confidentiality,2013,Proceedings of the VLDB Endowment,Qian Chen and Haibo Hu and Jianliang Xu,title; year; venue; author list,bibliographic metadata plus official abstract or selected publication record; no complete-paper claim,2026-09-18,"Persistent DOI or official scholarly/venue record; bibliography, rendered key, audit key, title, year, venue, and complete author list are cross-checked offline. Reading-depth claim remains separately bounded."
babcock,record-linked-and-locally-consistent,publisher DOI record,doi:10.1145/872757.872764,https://doi.org/10.1145/872757.872764,Distributed top-k monitoring,2003,Proceedings of the 2003 ACM SIGMOD International Conference on Management of Data,Brian Babcock and Chris Olston,title; year; venue; author list,retained complete-main-text calibration; not independently reproduced in this continuation,2026-09-18,"Persistent DOI or official scholarly/venue record; bibliography, rendered key, audit key, title, year, venue, and complete author list are cross-checked offline. Reading-depth claim remains separately bounded."
bayou,record-linked-and-locally-consistent,publisher DOI record,doi:10.1145/224057.224070,https://doi.org/10.1145/224057.224070,"Managing update conflicts in Bayou, a weakly connected replicated storage system",1995,Proceedings of the 15th ACM Symposium on Operating Systems Principles (SOSP),Douglas B. Terry and Marvin M. Theimer and Karin Petersen and Alan J. Demers and Mike J. Spreitzer and Carl H. Hauser,title; year; venue; author list,bibliographic metadata plus official abstract or selected publication record; no complete-paper claim,2026-09-18,"Persistent DOI or official scholarly/venue record; bibliography, rendered key, audit key, title, year, venue, and complete author list are cross-checked offline. Reading-depth claim remains separately bounded."
bigcodesearch,record-linked-and-locally-consistent,publisher DOI record,doi:10.1145/3604905,https://doi.org/10.1145/3604905,Big code search: A bibliography,2024,ACM Computing Surveys,Kisub Kim and Sankalp Ghatpande and Dongsun Kim and Xin Zhou and Kui Liu and Tegawend\'e F. Bissyand\'e and Jacques Klein and Yves Le Traon,title; year; venue; author list,retained complete-main-text calibration; not independently reproduced in this continuation,2026-09-18,"Persistent DOI or official scholarly/venue record; bibliography, rendered key, audit key, title, year, venue, and complete author list are cross-checked offline. Reading-depth claim remains separately bounded."
blakeley1986,record-linked-and-locally-consistent,publisher DOI record,doi:10.1145/16894.16861,https://doi.org/10.1145/16894.16861,Efficiently updating materialized views,1986,Proceedings of the 1986 ACM SIGMOD International Conference on Management of Data,Jos\'e A. Blakeley and Per-\r{A}ke Larson and Frank Wm. Tompa,title; year; venue; author list,bibliographic metadata plus official abstract or selected publication record; no complete-paper claim,2026-09-18,"Persistent DOI or official scholarly/venue record; bibliography, rendered key, audit key, title, year, venue, and complete author list are cross-checked offline. Reading-depth claim remains separately bounded."
bolton,record-linked-and-locally-consistent,publisher DOI record,doi:10.1145/2463676.2465279,https://doi.org/10.1145/2463676.2465279,Bolt-on causal consistency,2013,Proceedings of the 2013 ACM SIGMOD International Conference on Management of Data,Peter Bailis and Ali Ghodsi and Joseph M. Hellerstein and Ion Stoica,title; year; venue; author list,bibliographic metadata plus official abstract or selected publication record; no complete-paper claim,2026-09-18,"Persistent DOI or official scholarly/venue record; bibliography, rendered key, audit key, title, year, venue, and complete author list are cross-checked offline. Reading-depth claim remains separately bounded."
broder2003,record-linked-and-locally-consistent,publisher DOI record,doi:10.1145/956863.956944,https://doi.org/10.1145/956863.956944,Efficient query evaluation using a two-level retrieval process,2003,Proceedings of the 12th ACM International Conference on Information and Knowledge Management (CIKM),Andrei Z. Broder and David Carmel and Michael Herscovici and Aya Soffer and Jason Zien,title; year; venue; author list,bibliographic metadata plus official abstract or selected publication record; no complete-paper claim,2026-09-18,"Persistent DOI or official scholarly/venue record; bibliography, rendered key, audit key, title, year, venue, and complete author list are cross-checked offline. Reading-depth claim remains separately bounded."
bruno2002,record-linked-and-locally-consistent,publisher DOI record,doi:10.1145/568518.568519,https://doi.org/10.1145/568518.568519,Top-k selection queries over relational databases: Mapping strategies and performance evaluation,2002,ACM Transactions on Database Systems,Nicolas Bruno and Surajit Chaudhuri and Luis Gravano,title; year; venue; author list,bibliographic metadata plus official abstract or selected publication record; no complete-paper claim,2026-09-18,"Persistent DOI or official scholarly/venue record; bibliography, rendered key, audit key, title, year, venue, and complete author list are cross-checked offline. Reading-depth claim remains separately bounded."
c3,record-linked-and-locally-consistent,official USENIX proceedings record,official-record:https://www.usenix.org/conference/nsdi15/technical-sessions/presentation/suresh,https://www.usenix.org/conference/nsdi15/technical-sessions/presentation/suresh,C3: Cutting tail latency in cloud data stores via adaptive replica selection,2015,12th USENIX Symposium on Networked Systems Design and Implementation (NSDI),Lalith Suresh and Marco Canini and Stefan Schmid and Anja Feldmann,title; year; venue; author list,retained complete-main-text calibration; not independently reproduced in this continuation,2026-09-18,"Persistent DOI or official scholarly/venue record; bibliography, rendered key, audit key, title, year, venue, and complete author list are cross-checked offline. Reading-depth claim remains separately bounded."
cachelib,record-linked-and-locally-consistent,official USENIX proceedings record,official-record:https://www.usenix.org/conference/osdi20/presentation/berg,https://www.usenix.org/conference/osdi20/presentation/berg,The CacheLib caching engine: Design and experiences at scale,2020,14th USENIX Symposium on Operating Systems Design and Implementation (OSDI),Benjamin Berg and Daniel S. Berger and Sara McAllister and Isaac Grosof and Sathya Gunasekar and Jimmy Lu and Michael Uhlar and Jim Carrig and Nathan Beckmann and Mor Harchol-Balter and Gregory R. Ganger,title; year; venue; author list,bibliographic metadata plus official abstract or selected publication record; no complete-paper claim,2026-09-18,"Persistent DOI or official scholarly/venue record; bibliography, rendered key, audit key, title, year, venue, and complete author list are cross-checked offline. Reading-depth claim remains separately bounded."
cao2004,record-linked-and-locally-consistent,publisher DOI record,doi:10.1145/1011767.1011798,https://doi.org/10.1145/1011767.1011798,Efficient top-k query calculation in distributed networks,2004,Proceedings of the 23rd ACM Symposium on Principles of Distributed Computing (PODC),Pei Cao and Zhe Wang,title; year; venue; author list,bibliographic metadata plus official abstract or selected publication record; no complete-paper claim,2026-09-18,"Persistent DOI or official scholarly/venue record; bibliography, rendered key, audit key, title, year, venue, and complete author list are cross-checked offline. Reading-depth claim remains separately bounded."
carney2002,record-linked-and-locally-consistent,scholarly archive or proceedings record,official-record:https://www.vldb.org/conf/2002/S07P01.pdf,https://www.vldb.org/conf/2002/S07P01.pdf,Monitoring streams: A new class of data management applications,2002,Proceedings of the 28th International Conference on Very Large Data Bases (VLDB),Donald Carney and U\u{g}ur \c{C}etintemel and Mitch Cherniack and Christian Convey and Sangdon Lee and Greg Seidman and Michael Stonebraker and Nesime Tatbul and Stanley B. Zdonik,title; year; venue; author list,bibliographic metadata plus official abstract or selected publication record; no complete-paper claim,2026-09-18,"Persistent DOI or official scholarly/venue record; bibliography, rendered key, audit key, title, year, venue, and complete author list are cross-checked offline. Reading-depth claim remains separately bounded."
chainreplication,record-linked-and-locally-consistent,official USENIX proceedings record,official-record:https://www.usenix.org/legacy/events/osdi04/tech/full_papers/renesse/renesse.pdf,https://www.usenix.org/legacy/events/osdi04/tech/full_papers/renesse/renesse.pdf,Chain replication for supporting high throughput and availability,2004,6th USENIX Symposium on Operating Systems Design and Implementation (OSDI),Robbert van Renesse and Fred B. Schneider,title; year; venue; author list,bibliographic metadata plus official abstract or selected publication record; no complete-paper claim,2026-09-18,"Persistent DOI or official scholarly/venue record; bibliography, rendered key, audit key, title, year, venue, and complete author list are cross-checked offline. Reading-depth claim remains separately bounded."
chaudhuri1999,record-linked-and-locally-consistent,scholarly archive or proceedings record,official-record:https://www.vldb.org/dblp/db/conf/vldb/ChaudhuriG99.html,https://www.vldb.org/dblp/db/conf/vldb/ChaudhuriG99.html,Evaluating top-k selection queries,1999,Proceedings of the 25th International Conference on Very Large Data Bases (VLDB),Surajit Chaudhuri and Luis Gravano,title; year; venue; author list,bibliographic metadata plus official abstract or selected publication record; no complete-paper claim,2026-09-18,"Persistent DOI or official scholarly/venue record; bibliography, rendered key, audit key, title, year, venue, and complete author list are cross-checked offline. Reading-depth claim remains separately bounded."
codebert,record-linked-and-locally-consistent,publisher DOI record,doi:10.18653/v1/2020.findings-emnlp.139,https://doi.org/10.18653/v1/2020.findings-emnlp.139,CodeBERT: A pre-trained model for programming and natural languages,2020,Findings of the Association for Computational Linguistics: EMNLP 2020,Zhangyin Feng and Daya Guo and Duyu Tang and Nan Duan and Xiaocheng Feng and Ming Gong and Linjun Shou and Bing Qin and Ting Liu and Daxin Jiang and Ming Zhou,title; year; venue; author list,bibliographic metadata plus official abstract or selected publication record; no complete-paper claim,2026-09-18,"Persistent DOI or official scholarly/venue record; bibliography, rendered key, audit key, title, year, venue, and complete author list are cross-checked offline. Reading-depth claim remains separately bounded."
codehow,record-linked-and-locally-consistent,publisher DOI record,doi:10.1109/ase.2015.42,https://doi.org/10.1109/ASE.2015.42,CodeHow: Effective code search based on API understanding and extended Boolean model,2015,30th IEEE/ACM International Conference on Automated Software Engineering (ASE),Fei Lv and Hongyu Zhang and Jian-Guang Lou and Shaowei Wang and Dongmei Zhang and Jianjun Zhao,title; year; venue; author list,bibliographic metadata plus official abstract or selected publication record; no complete-paper claim,2026-09-18,"Persistent DOI or official scholarly/venue record; bibliography, rendered key, audit key, title, year, venue, and complete author list are cross-checked offline. Reading-depth claim remains separately bounded."
codesearchnet,record-linked-and-locally-consistent,official arXiv preprint record,official-record:https://arxiv.org/abs/1909.09436,https://arxiv.org/abs/1909.09436,CodeSearchNet challenge: Evaluating the state of semantic code search,2019,arXiv preprint arXiv:1909.09436,Hamel Husain and Ho-Hsiang Wu and Tiferet Gazit and Miltiadis Allamanis and Marc Brockschmidt,title; year; venue; author list,bibliographic metadata plus official abstract or selected publication record; no complete-paper claim,2026-09-18,"Persistent DOI or official scholarly/venue record; bibliography, rendered key, audit key, title, year, venue, and complete author list are cross-checked offline. Reading-depth claim remains separately bounded."
cops,record-linked-and-locally-consistent,publisher DOI record,doi:10.1145/2043556.2043593,https://doi.org/10.1145/2043556.2043593,Don\'t settle for eventual: Scalable causal consistency for wide-area storage with COPS,2011,Proceedings of the 23rd ACM Symposium on Operating Systems Principles (SOSP),Wyatt Lloyd and Michael J. Freedman and Michael Kaminsky and David G. Andersen,title; year; venue; author list,bibliographic metadata plus official abstract or selected publication record; no complete-paper claim,2026-09-18,"Persistent DOI or official scholarly/venue record; bibliography, rendered key, audit key, title, year, venue, and complete author list are cross-checked offline. Reading-depth claim remains separately bounded."
corfu,record-linked-and-locally-consistent,official USENIX proceedings record,official-record:https://www.usenix.org/conference/nsdi12/technical-sessions/presentation/balakrishnan,https://www.usenix.org/conference/nsdi12/technical-sessions/presentation/balakrishnan,CORFU: A shared log design for flash clusters,2012,9th USENIX Symposium on Networked Systems Design and Implementation (NSDI),Mahesh Balakrishnan and Dahlia Malkhi and Vijayan Prabhakaran and Ted Wobber and Michael Wei and John D. Davis,title; year; venue; author list,bibliographic metadata plus official abstract or selected publication record; no complete-paper claim,2026-09-18,"Persistent DOI or official scholarly/venue record; bibliography, rendered key, audit key, title, year, venue, and complete author list are cross-checked offline. Reading-depth claim remains separately bounded."
cosqa,record-linked-and-locally-consistent,publisher DOI record,doi:10.18653/v1/2021.acl-long.442,https://doi.org/10.18653/v1/2021.acl-long.442,"CoSQA: 20,000+ Web queries for code search and question answering",2021,Proceedings of the 59th Annual Meeting of the Association for Computational Linguistics,Junjie Huang and Duyu Tang and Linjun Shou and Ming Gong and Ke Xu and Daxin Jiang and Ming Zhou and Nan Duan,title; year; venue; author list,bibliographic metadata plus official abstract or selected publication record; no complete-paper claim,2026-09-18,"Persistent DOI or official scholarly/venue record; bibliography, rendered key, audit key, title, year, venue, and complete author list are cross-checked offline. Reading-depth claim remains separately bounded."
craq,record-linked-and-locally-consistent,official USENIX proceedings record,official-record:https://www.usenix.org/legacy/events/usenix09/tech/full_papers/terrace/terrace.pdf,https://www.usenix.org/legacy/events/usenix09/tech/full_papers/terrace/terrace.pdf,Object storage on CRAQ: High-throughput chain replication for read-mostly workloads,2009,2009 USENIX Annual Technical Conference,Jeff Terrace and Michael J. Freedman,title; year; venue; author list,bibliographic metadata plus official abstract or selected publication record; no complete-paper claim,2026-09-18,"Persistent DOI or official scholarly/venue record; bibliography, rendered key, audit key, title, year, venue, and complete author list are cross-checked offline. Reading-depth claim remains separately bounded."
curp,record-linked-and-locally-consistent,official USENIX proceedings record,official-record:https://www.usenix.org/conference/nsdi19/presentation/park,https://www.usenix.org/conference/nsdi19/presentation/park,Exploiting commutativity for practical fast replication,2019,16th USENIX Symposium on Networked Systems Design and Implementation (NSDI),Seo Jin Park and John Ousterhout,title; year; venue; author list,retained complete-main-text calibration; not independently reproduced in this continuation,2026-09-18,"Persistent DOI or official scholarly/venue record; bibliography, rendered key, audit key, title, year, venue, and complete author list are cross-checked offline. Reading-depth claim remains separately bounded."
dbsp,record-linked-and-locally-consistent,publisher DOI record,doi:10.14778/3587136.3587137,https://doi.org/10.14778/3587136.3587137,DBSP: Automatic incremental view maintenance for rich query languages,2023,Proceedings of the VLDB Endowment,Mihai Budiu and Tej Chajed and Frank McSherry and Leonid Ryzhyk and Val Tannen,title; year; venue; author list,bibliographic metadata plus official abstract or selected publication record; no complete-paper claim,2026-09-18,"Persistent DOI or official scholarly/venue record; bibliography, rendered key, audit key, title, year, venue, and complete author list are cross-checked offline. Reading-depth claim remains separately bounded."
dbtoaster,record-linked-and-locally-consistent,publisher DOI record,doi:10.14778/2336664.2336670,https://doi.org/10.14778/2336664.2336670,"DBToaster: Higher-order delta processing for dynamic, frequently fresh views",2012,Proceedings of the VLDB Endowment,Yanif Ahmad and Oliver Kennedy and Christoph Koch and Milo\v{s} Nikoli\'c,title; year; venue; author list,bibliographic metadata plus official abstract or selected publication record; no complete-paper claim,2026-09-18,"Persistent DOI or official scholarly/venue record; bibliography, rendered key, audit key, title, year, venue, and complete author list are cross-checked offline. Reading-depth claim remains separately bounded."
deepcs,record-linked-and-locally-consistent,publisher DOI record,doi:10.1145/3180155.3180167,https://doi.org/10.1145/3180155.3180167,Deep code search,2018,Proceedings of the 40th International Conference on Software Engineering (ICSE),Xiaodong Gu and Hongyu Zhang and Sunghun Kim,title; year; venue; author list,bibliographic metadata plus official abstract or selected publication record; no complete-paper claim,2026-09-18,"Persistent DOI or official scholarly/venue record; bibliography, rendered key, audit key, title, year, venue, and complete author list are cross-checked offline. Reading-depth claim remains separately bounded."
delos,record-linked-and-locally-consistent,official USENIX proceedings record,official-record:https://www.usenix.org/conference/osdi20/presentation/balakrishnan,https://www.usenix.org/conference/osdi20/presentation/balakrishnan,Virtual consensus in Delos,2020,14th USENIX Symposium on Operating Systems Design and Implementation (OSDI),Mahesh Balakrishnan and Jason Flinn and Chen Shen and Mihir Dharamshi and Ahmed Jafri and Xiao Shi and Santosh Ghosh and Hazem Hassan and Aaryaman Sagar and Rhed Shi and Jingming Liu and Filip Gruszczynski and Xianan Zhang and Huy Hoang and Ahmed Yossef and Francois Richard and Yee Jiun Song,title; year; venue; author list,bibliographic metadata plus official abstract or selected publication record; no complete-paper claim,2026-09-18,"Persistent DOI or official scholarly/venue record; bibliography, rendered key, audit key, title, year, venue, and complete author list are cross-checked offline. Reading-depth claim remains separately bounded."
differential,record-linked-and-locally-consistent,official CIDR proceedings PDF,official-record:https://www.cidrdb.org/cidr2013/Papers/CIDR13_Paper111.pdf,https://www.cidrdb.org/cidr2013/Papers/CIDR13_Paper111.pdf,Differential dataflow,2013,6th Biennial Conference on Innovative Data Systems Research (CIDR),Frank McSherry and Derek G. Murray and Rebecca Isaacs and Michael Isard,title; year; venue; author list,retained complete-main-text calibration; not independently reproduced in this continuation,2026-09-18,"Persistent DOI or official scholarly/venue record; bibliography, rendered key, audit key, title, year, venue, and complete author list are cross-checked offline. Reading-depth claim remains separately bounded."
dynamo,record-linked-and-locally-consistent,publisher DOI record,doi:10.1145/1294261.1294281,https://doi.org/10.1145/1294261.1294281,Dynamo: Amazon's highly available key-value store,2007,Proceedings of the 21st ACM Symposium on Operating Systems Principles (SOSP),Giuseppe DeCandia and Deniz Hastorun and Madan Jampani and Gunavardhan Kakulapati and Avinash Lakshman and Alex Pilchin and Swaminathan Sivasubramanian and Peter Vosshall and Werner Vogels,title; year; venue; author list,bibliographic metadata plus official abstract or selected publication record; no complete-paper claim,2026-09-18,"Persistent DOI or official scholarly/venue record; bibliography, rendered key, audit key, title, year, venue, and complete author list are cross-checked offline. Reading-depth claim remains separately bounded."
eiger,record-linked-and-locally-consistent,official USENIX proceedings record,official-record:https://www.usenix.org/conference/nsdi13/technical-sessions/presentation/lloyd,https://www.usenix.org/conference/nsdi13/technical-sessions/presentation/lloyd,Stronger semantics for low-latency geo-replicated storage,2013,10th USENIX Symposium on Networked Systems Design and Implementation (NSDI),Wyatt Lloyd and Michael J. Freedman and Michael Kaminsky and David G. Andersen,title; year; venue; author list,retained complete-main-text calibration; not independently reproduced in this continuation,2026-09-18,"Persistent DOI or official scholarly/venue record; bibliography, rendered key, audit key, title, year, venue, and complete author list are cross-checked offline. Reading-depth claim remains separately bounded."
esearch,record-linked-and-locally-consistent,official USENIX proceedings record,official-record:https://www.usenix.org/conference/nsdi-04/hybrid-global-local-indexing-efficient-peer-peer-information-retrieval,https://www.usenix.org/conference/nsdi-04/hybrid-global-local-indexing-efficient-peer-peer-information-retrieval,Hybrid global-local indexing for efficient peer-to-peer information retrieval,2004,1st USENIX Symposium on Networked Systems Design and Implementation (NSDI),Chunqiang Tang and Sandhya Dwarkadas,title; year; venue; author list,retained complete-main-text calibration; not independently reproduced in this continuation,2026-09-18,"Persistent DOI or official scholarly/venue record; bibliography, rendered key, audit key, title, year, venue, and complete author list are cross-checked offline. Reading-depth claim remains separately bounded."
facoy,record-linked-and-locally-consistent,publisher DOI record,doi:10.1145/3180155.3180187,https://doi.org/10.1145/3180155.3180187,FaCoY: A code-to-code search engine,2018,Proceedings of the 40th International Conference on Software Engineering (ICSE),Kisub Kim and Dongsun Kim and Tegawend\'e F. Bissyand\'e and Eunjong Choi and Li Li and Jacques Klein and Yves Le Traon,title; year; venue; author list,retained complete-main-text calibration; not independently reproduced in this continuation,2026-09-18,"Persistent DOI or official scholarly/venue record; bibliography, rendered key, audit key, title, year, venue, and complete author list are cross-checked offline. Reading-depth claim remains separately bounded."
fagin,record-linked-and-locally-consistent,publisher DOI record,doi:10.1016/s0022-0000(03)00026-6,https://doi.org/10.1016/S0022-0000(03)00026-6,Optimal aggregation algorithms for middleware,2003,Journal of Computer and System Sciences,Ronald Fagin and Amnon Lotem and Moni Naor,title; year; venue; author list,retained complete-main-text calibration; not independently reproduced in this continuation,2026-09-18,"Persistent DOI or official scholarly/venue record; bibliography, rendered key, audit key, title, year, venue, and complete author list are cross-checked offline. Reading-depth claim remains separately bounded."
gentlerain,record-linked-and-locally-consistent,publisher DOI record,doi:10.1145/2670979.2670983,https://doi.org/10.1145/2670979.2670983,GentleRain: Cheap and scalable causal consistency with physical clocks,2014,Proceedings of the 5th ACM Symposium on Cloud Computing (SoCC),Jiaqing Du and C\u{a}lin Iorgulescu and Amitabha Roy and Willy Zwaenepoel,title; year; venue; author list,bibliographic metadata plus official abstract or selected publication record; no complete-paper claim,2026-09-18,"Persistent DOI or official scholarly/venue record; bibliography, rendered key, audit key, title, year, venue, and complete author list are cross-checked offline. Reading-depth claim remains separately bounded."
goodrich,record-linked-and-locally-consistent,publisher DOI record,doi:10.1109/discex.2001.932160,https://doi.org/10.1109/DISCEX.2001.932160,Implementation of an authenticated dictionary with skip lists and commutative hashing,2001,Proceedings of the 2001 DARPA Information Survivability Conference and Exposition II (DISCEX),Michael T. Goodrich and Roberto Tamassia and Andrew Schwerin,title; year; venue; author list,bibliographic metadata plus official abstract or selected publication record; no complete-paper claim,2026-09-18,"Persistent DOI or official scholarly/venue record; bibliography, rendered key, audit key, title, year, venue, and complete author list are cross-checked offline. Reading-depth claim remains separately bounded."
graphcodebert,record-linked-and-locally-consistent,official OpenReview conference record,official-record:https://openreview.net/forum?id=jLoC4ez43PZ,https://openreview.net/forum?id=jLoC4ez43PZ,GraphCodeBERT: Pre-training code representations with data flow,2021,International Conference on Learning Representations (ICLR),Daya Guo and Shuo Ren and Shuai Lu and Zhangyin Feng and Duyu Tang and Shujie Liu and Long Zhou and Nan Duan and Alexey Svyatkovskiy and Shengyu Fu and Michele Tufano and Shao Kun Deng and Colin B. Clement and Dawn Drain and Neel Sundaresan and Jian Yin and Daxin Jiang and Ming Zhou,title; year; venue; author list,bibliographic metadata plus official abstract or selected publication record; no complete-paper claim,2026-09-18,"Persistent DOI or official scholarly/venue record; bibliography, rendered key, audit key, title, year, venue, and complete author list are cross-checked offline. Reading-depth claim remains separately bounded."
gryff,record-linked-and-locally-consistent,official USENIX proceedings record,official-record:https://www.usenix.org/conference/nsdi20/presentation/burke,https://www.usenix.org/conference/nsdi20/presentation/burke,Gryff: Unifying consensus and shared registers,2020,17th USENIX Symposium on Networked Systems Design and Implementation (NSDI),Matthew Burke and Audrey Cheng and Sagar Desai and Wyatt Lloyd,title; year; venue; author list,retained complete-main-text calibration; not independently reproduced in this continuation,2026-09-18,"Persistent DOI or official scholarly/venue record; bibliography, rendered key, audit key, title, year, venue, and complete author list are cross-checked offline. Reading-depth claim remains separately bounded."
gupta1995,record-linked-and-locally-consistent,scholarly archive or proceedings record,official-record:https://www.vldb.org/dblp/db/journals/debu/GuptaM95.html,https://www.vldb.org/dblp/db/journals/debu/GuptaM95.html,"Maintenance of materialized views: Problems, techniques, and applications",1995,IEEE Data Engineering Bulletin,Ashish Gupta and Inderpal Singh Mumick,title; year; venue; author list,bibliographic metadata plus official abstract or selected publication record; no complete-paper claim,2026-09-18,"Persistent DOI or official scholarly/venue record; bibliography, rendered key, audit key, title, year, venue, and complete author list are cross-checked offline. Reading-depth claim remains separately bounded."
integridb,record-linked-and-locally-consistent,publisher DOI record,doi:10.1145/2810103.2813711,https://doi.org/10.1145/2810103.2813711,IntegriDB: Verifiable SQL for outsourced databases,2015,Proceedings of the 22nd ACM SIGSAC Conference on Computer and Communications Security (CCS),Yupeng Zhang and Jonathan Katz and Charalampos Papamanthou,title; year; venue; author list,bibliographic metadata plus official abstract or selected publication record; no complete-paper claim,2026-09-18,"Persistent DOI or official scholarly/venue record; bibliography, rendered key, audit key, title, year, venue, and complete author list are cross-checked offline. Reading-depth claim remains separately bounded."
kafka,record-linked-and-locally-consistent,official NetDB event program,official-record:https://www.microsoft.com/en-us/research/event/netdb-2011/program/,https://www.microsoft.com/en-us/research/event/netdb-2011/program/,Kafka: A distributed messaging system for log processing,2011,Proceedings of the 6th International Workshop on Networking Meets Databases (NetDB),Jay Kreps and Neha Narkhede and Jun Rao,title; year; venue; author list,bibliographic metadata plus official abstract or selected publication record; no complete-paper claim,2026-09-18,"Persistent DOI or official scholarly/venue record; bibliography, rendered key, audit key, title, year, venue, and complete author list are cross-checked offline. Reading-depth claim remains separately bounded."
li2006,record-linked-and-locally-consistent,publisher DOI record,doi:10.1145/1142473.1142488,https://doi.org/10.1145/1142473.1142488,Dynamic authenticated index structures for outsourced databases,2006,Proceedings of the 2006 ACM SIGMOD International Conference on Management of Data,Feifei Li and Marios Hadjieleftheriou and George Kollios and Leonid Reyzin,title; year; venue; author list,bibliographic metadata plus official abstract or selected publication record; no complete-paper claim,2026-09-18,"Persistent DOI or official scholarly/venue record; bibliography, rendered key, audit key, title, year, venue, and complete author list are cross-checked offline. Reading-depth claim remains separately bounded."
madden2002,record-linked-and-locally-consistent,publisher DOI record,doi:10.1145/564691.564698,https://doi.org/10.1145/564691.564698,Continuously adaptive continuous queries over streams,2002,Proceedings of the 2002 ACM SIGMOD International Conference on Management of Data,Samuel Madden and Mehul Shah and Joseph M. Hellerstein and Vijayshankar Raman,title; year; venue; author list,bibliographic metadata plus official abstract or selected publication record; no complete-paper claim,2026-09-18,"Persistent DOI or official scholarly/venue record; bibliography, rendered key, audit key, title, year, venue, and complete author list are cross-checked offline. Reading-depth claim remains separately bounded."
marian2004,record-linked-and-locally-consistent,publisher DOI record,doi:10.1145/1005566.1005569,https://doi.org/10.1145/1005566.1005569,Evaluating top-k queries over Web-accessible databases,2004,ACM Transactions on Database Systems,Am\'elie Marian and Nicolas Bruno and Luis Gravano,title; year; venue; author list,bibliographic metadata plus official abstract or selected publication record; no complete-paper claim,2026-09-18,"Persistent DOI or official scholarly/venue record; bibliography, rendered key, audit key, title, year, venue, and complete author list are cross-checked offline. Reading-depth claim remains separately bounded."
memcache,record-linked-and-locally-consistent,official USENIX proceedings record,official-record:https://www.usenix.org/conference/nsdi13/technical-sessions/presentation/nishtala,https://www.usenix.org/conference/nsdi13/technical-sessions/presentation/nishtala,Scaling Memcache at Facebook,2013,10th USENIX Symposium on Networked Systems Design and Implementation (NSDI),Rajesh Nishtala and Hans Fugal and Steven Grimm and Marc Kwiatkowski and Herman Lee and Harry C. Li and Ryan McElroy and Mike Paleczny and Daniel Peek and Paul Saab and David Stafford and Tony Tung and Venkateshwaran Venkataramani,title; year; venue; author list,retained complete-main-text calibration; not independently reproduced in this continuation,2026-09-18,"Persistent DOI or official scholarly/venue record; bibliography, rendered key, audit key, title, year, venue, and complete author list are cross-checked offline. Reading-depth claim remains separately bounded."
merkle,record-linked-and-locally-consistent,publisher DOI record,doi:10.1109/sp.1980.10006,https://doi.org/10.1109/SP.1980.10006,Protocols for public key cryptosystems,1980,1980 IEEE Symposium on Security and Privacy,Ralph C. Merkle,title; year; venue; author list,bibliographic metadata plus official abstract or selected publication record; no complete-paper claim,2026-09-18,"Persistent DOI or official scholarly/venue record; bibliography, rendered key, audit key, title, year, venue, and complete author list are cross-checked offline. Reading-depth claim remains separately bounded."
mucache,record-linked-and-locally-consistent,official USENIX proceedings record,official-record:https://www.usenix.org/conference/nsdi24/presentation/zhang-haoran,https://www.usenix.org/conference/nsdi24/presentation/zhang-haoran,MuCache: A general framework for caching in microservice graphs,2024,21st USENIX Symposium on Networked Systems Design and Implementation (NSDI),Haoran Zhang and Konstantinos Kallas and Spyros Pavlatos and Rajeev Alur and Sebastian Angel and Vincent Liu,title; year; venue; author list,retained complete-main-text calibration; not independently reproduced in this continuation,2026-09-18,"Persistent DOI or official scholarly/venue record; bibliography, rendered key, audit key, title, year, venue, and complete author list are cross-checked offline. Reading-depth claim remains separately bounded."
naiad,record-linked-and-locally-consistent,publisher DOI record,doi:10.1145/2517349.2522738,https://doi.org/10.1145/2517349.2522738,Naiad: A timely dataflow system,2013,Proceedings of the 24th ACM Symposium on Operating Systems Principles (SOSP),Derek G. Murray and Frank McSherry and Rebecca Isaacs and Michael Isard and Paul Barham and Martin Abadi,title; year; venue; author list,bibliographic metadata plus official abstract or selected publication record; no complete-paper claim,2026-09-18,"Persistent DOI or official scholarly/venue record; bibliography, rendered key, audit key, title, year, venue, and complete author list are cross-checked offline. Reading-depth claim remains separately bounded."
netchain,record-linked-and-locally-consistent,official USENIX proceedings record,official-record:https://www.usenix.org/conference/nsdi18/presentation/jin,https://www.usenix.org/conference/nsdi18/presentation/jin,NetChain: Scale-free sub-RTT coordination,2018,15th USENIX Symposium on Networked Systems Design and Implementation (NSDI),Xin Jin and Xiaozhou Li and Haoyu Zhang and Nate Foster and Jeongkeun Lee and Robert Soul\'e and Changhoon Kim and Ion Stoica,title; year; venue; author list,retained complete-main-text calibration; not independently reproduced in this continuation,2026-09-18,"Persistent DOI or official scholarly/venue record; bibliography, rendered key, audit key, title, year, venue, and complete author list are cross-checked offline. Reading-depth claim remains separately bounded."
noria,record-linked-and-locally-consistent,official USENIX proceedings record,official-record:https://www.usenix.org/conference/osdi18/presentation/gjengset,https://www.usenix.org/conference/osdi18/presentation/gjengset,"Noria: Dynamic, partially-stateful data-flow for high-performance web applications",2018,13th USENIX Symposium on Operating Systems Design and Implementation (OSDI),Jon Gjengset and Malte Schwarzkopf and Jonathan Behrens and Lara Timb\'o Ara\'ujo and Martin Ek and Eddie Kohler and M. Frans Kaashoek and Robert Morris,title; year; venue; author list,retained complete-main-text calibration; not independently reproduced in this continuation,2026-09-18,"Persistent DOI or official scholarly/venue record; bibliography, rendered key, audit key, title, year, venue, and complete author list are cross-checked offline. Reading-depth claim remains separately bounded."
olston2001,record-linked-and-locally-consistent,publisher DOI record,doi:10.1145/375663.375710,https://doi.org/10.1145/375663.375710,Adaptive precision setting for cached approximate values,2001,Proceedings of the 2001 ACM SIGMOD International Conference on Management of Data,Chris Olston and Boon Thau Loo and Jennifer Widom,title; year; venue; author list,bibliographic metadata plus official abstract or selected publication record; no complete-paper claim,2026-09-18,"Persistent DOI or official scholarly/venue record; bibliography, rendered key, audit key, title, year, venue, and complete author list are cross-checked offline. Reading-depth claim remains separately bounded."
pang2004,record-linked-and-locally-consistent,publisher DOI record,doi:10.1109/icde.2004.1320027,https://doi.org/10.1109/ICDE.2004.1320027,Authenticating query results in edge computing,2004,20th International Conference on Data Engineering (ICDE),HweeHwa Pang and Kian-Lee Tan,title; year; venue; author list,bibliographic metadata plus official abstract or selected publication record; no complete-paper claim,2026-09-18,"Persistent DOI or official scholarly/venue record; bibliography, rendered key, audit key, title, year, venue, and complete author list are cross-checked offline. Reading-depth claim remains separately bounded."
pbs,record-linked-and-locally-consistent,official venue paper PDF,official:https://www.vldb.org/pvldb/vol5/p776_peterbailis_vldb2012.pdf,https://www.vldb.org/pvldb/vol5/p776_peterbailis_vldb2012.pdf,Probabilistically bounded staleness for practical partial quorums,2012,Proceedings of the VLDB Endowment,Peter Bailis and Shivaram Venkataraman and Michael J. Franklin and Joseph M. Hellerstein and Ion Stoica,title; year; venue; author list,bibliographic metadata plus official abstract or selected publication record; no complete-paper claim,2026-09-18,"Inherited reading-depth/date retained. On 2026-10-06 the conflicting DOI strings in BibTeX and this ledger were replaced by the official VLDB paper PDF after checking its title; authors; year; volume/issue; and introductory staleness scope. This correction is not a new complete-paper reading claim."
pequod,record-linked-and-locally-consistent,official USENIX proceedings record,official-record:https://www.usenix.org/conference/nsdi14/technical-sessions/presentation/kate,https://www.usenix.org/conference/nsdi14/technical-sessions/presentation/kate,Easy freshness with Pequod cache joins,2014,11th USENIX Symposium on Networked Systems Design and Implementation (NSDI),Bryan Kate and Eddie Kohler and Michael S. Kester and Neha Narula and Yandong Mao and Robert Morris,title; year; venue; author list,retained complete-main-text calibration; not independently reproduced in this continuation,2026-09-18,"Persistent DOI or official scholarly/venue record; bibliography, rendered key, audit key, title, year, venue, and complete author list are cross-checked offline. Reading-depth claim remains separately bounded."
percolator,record-linked-and-locally-consistent,official USENIX proceedings record,official-record:https://www.usenix.org/legacy/events/osdi10/tech/full_papers/Peng.pdf,https://www.usenix.org/legacy/events/osdi10/tech/full_papers/Peng.pdf,Large-scale incremental processing using distributed transactions and notifications,2010,9th USENIX Symposium on Operating Systems Design and Implementation (OSDI),Daniel Peng and Frank Dabek,title; year; venue; author list,retained complete-main-text calibration; not independently reproduced in this continuation,2026-09-18,"Persistent DOI or official scholarly/venue record; bibliography, rendered key, audit key, title, year, venue, and complete author list are cross-checked offline. Reading-depth claim remains separately bounded."
pnuts,record-linked-and-locally-consistent,publisher DOI record,doi:10.14778/1454159.1454167,https://doi.org/10.14778/1454159.1454167,PNUTS: Yahoo!'s hosted data serving platform,2008,Proceedings of the VLDB Endowment,Brian F. Cooper and Raghu Ramakrishnan and Utkarsh Srivastava and Adam Silberstein and Philip Bohannon and Hans-Arno Jacobsen and Nick Puz and Daniel Weaver and Ramana Yerneni,title; year; venue; author list,bibliographic metadata plus official abstract or selected publication record; no complete-paper claim,2026-09-18,"Persistent DOI or official scholarly/venue record; bibliography, rendered key, audit key, title, year, venue, and complete author list are cross-checked offline. Reading-depth claim remains separately bounded."
portfolio,record-linked-and-locally-consistent,publisher DOI record,doi:10.1145/1985793.1985809,https://doi.org/10.1145/1985793.1985809,Portfolio: Finding relevant functions and their usage,2011,Proceedings of the 33rd International Conference on Software Engineering (ICSE),Collin McMillan and Mark Grechanik and Denys Poshyvanyk and Qing Xie and Chen Fu,title; year; venue; author list,bibliographic metadata plus official abstract or selected publication record; no complete-paper claim,2026-09-18,"Persistent DOI or official scholarly/venue record; bibliography, rendered key, audit key, title, year, venue, and complete author list are cross-checked offline. Reading-depth claim remains separately bounded."
raft,record-linked-and-locally-consistent,official USENIX proceedings record,official-record:https://www.usenix.org/conference/atc14/technical-sessions/presentation/ongaro,https://www.usenix.org/conference/atc14/technical-sessions/presentation/ongaro,In search of an understandable consensus algorithm,2014,2014 USENIX Annual Technical Conference,Diego Ongaro and John Ousterhout,title; year; venue; author list,bibliographic metadata plus official abstract or selected publication record; no complete-paper claim,2026-09-18,"Persistent DOI or official scholarly/venue record; bibliography, rendered key, audit key, title, year, venue, and complete author list are cross-checked offline. Reading-depth claim remains separately bounded."
scalog,record-linked-and-locally-consistent,official USENIX proceedings record,official-record:https://www.usenix.org/conference/nsdi20/presentation/ding,https://www.usenix.org/conference/nsdi20/presentation/ding,Scalog: Seamless reconfiguration and total order in a scalable shared log,2020,17th USENIX Symposium on Networked Systems Design and Implementation (NSDI),Cong Ding and David Chu and Evan Zhao and Xiang Li and Lorenzo Alvisi and Robbert van Renesse,title; year; venue; author list,retained complete-main-text calibration; not independently reproduced in this continuation,2026-09-18,"Persistent DOI or official scholarly/venue record; bibliography, rendered key, audit key, title, year, venue, and complete author list are cross-checked offline. Reading-depth claim remains separately bounded."
skybridge,record-linked-and-locally-consistent,official USENIX proceedings record,official-record:https://www.usenix.org/conference/osdi25/presentation/lyerly,https://www.usenix.org/conference/osdi25/presentation/lyerly,Skybridge: Bounded staleness for distributed caches,2025,19th USENIX Symposium on Operating Systems Design and Implementation (OSDI),Robert Lyerly and Scott Pruett and Kevin Doherty and Greg Rogers and Nathan Bronson and John Hugg,title; year; venue; author list,retained complete-main-text calibration; not independently reproduced in this continuation,2026-09-18,"Persistent DOI or official scholarly/venue record; bibliography, rendered key, audit key, title, year, venue, and complete author list are cross-checked offline. Reading-depth claim remains separately bounded."
sourcerer,record-linked-and-locally-consistent,publisher DOI record,doi:10.1007/s10618-008-0118-x,https://doi.org/10.1007/s10618-008-0118-x,Sourcerer: Mining and searching Internet-scale software repositories,2009,Data Mining and Knowledge Discovery,Erik Linstead and Sushil Bajracharya and Trung Ngo and Paul Rigor and Cristina V. Lopes and Pierre Baldi,title; year; venue; author list,bibliographic metadata plus official abstract or selected publication record; no complete-paper claim,2026-09-18,"Persistent DOI or official scholarly/venue record; bibliography, rendered key, audit key, title, year, venue, and complete author list are cross-checked offline. Reading-depth claim remains separately bounded."
spanner,record-linked-and-locally-consistent,official USENIX proceedings record,official-record:https://www.usenix.org/conference/osdi12/technical-sessions/presentation/corbett,https://www.usenix.org/conference/osdi12/technical-sessions/presentation/corbett,Spanner: Google's globally-distributed database,2012,10th USENIX Symposium on Operating Systems Design and Implementation (OSDI),James C. Corbett and Jeffrey Dean and Michael Epstein and Andrew Fikes and Christopher Frost and J. J. Furman and Sanjay Ghemawat and Andrey Gubarev and Christopher Heiser and Peter Hochschild and Wilson C. Hsieh and Sebastian Kanthak and Eugene Kogan and Hongyi Li and Alexander Lloyd and Sergey Melnik and David Mwaura and David Nagle and Sean Quinlan and Rajesh Rao and Lindsay Rolig and Yasushi Saito and Michal Szymaniak and Christopher Taylor and Ruth Wang and Dale Woodford,title; year; venue; author list,bibliographic metadata plus official abstract or selected publication record; no complete-paper claim,2026-09-18,"Persistent DOI or official scholarly/venue record; bibliography, rendered key, audit key, title, year, venue, and complete author list are cross-checked offline. Reading-depth claim remains separately bounded."
tango,record-linked-and-locally-consistent,publisher DOI record,doi:10.1145/2517349.2522732,https://doi.org/10.1145/2517349.2522732,Tango: Distributed data structures over a shared log,2013,Proceedings of the 24th ACM Symposium on Operating Systems Principles (SOSP),Mahesh Balakrishnan and Dahlia Malkhi and Ted Wobber and Ming Wu and Vijayan Prabhakaran and Michael Wei and John D. Davis and Sriram Rao and Tao Zou and Aviad Zuck,title; year; venue; author list,bibliographic metadata plus official abstract or selected publication record; no complete-paper claim,2026-09-18,"Persistent DOI or official scholarly/venue record; bibliography, rendered key, audit key, title, year, venue, and complete author list are cross-checked offline. Reading-depth claim remains separately bounded."
txcache,record-linked-and-locally-consistent,official USENIX proceedings record,official-record:https://www.usenix.org/legacy/events/osdi10/tech/full_papers/Ports.pdf,https://www.usenix.org/legacy/events/osdi10/tech/full_papers/Ports.pdf,Transactional consistency and automatic management in an application data cache,2010,9th USENIX Symposium on Operating Systems Design and Implementation (OSDI),Dan R. K. Ports and Austin T. Clements and Irene Zhang and Samuel Madden and Barbara Liskov,title; year; venue; author list,bibliographic metadata plus official abstract or selected publication record; no complete-paper claim,2026-09-18,"Persistent DOI or official scholarly/venue record; bibliography, rendered key, audit key, title, year, venue, and complete author list are cross-checked offline. Reading-depth claim remains separately bounded."
vsql,record-linked-and-locally-consistent,publisher DOI record,doi:10.1109/sp.2017.43,https://doi.org/10.1109/SP.2017.43,vSQL: Verifying arbitrary SQL queries over dynamic outsourced databases,2017,2017 IEEE Symposium on Security and Privacy,Yupeng Zhang and Daniel Genkin and Jonathan Katz and Dimitrios Papadopoulos and Charalampos Papamanthou,title; year; venue; author list,bibliographic metadata plus official abstract or selected publication record; no complete-paper claim,2026-09-18,"Persistent DOI or official scholarly/venue record; bibliography, rendered key, audit key, title, year, venue, and complete author list are cross-checked offline. Reading-depth claim remains separately bounded."
warranties,record-linked-and-locally-consistent,official USENIX proceedings record,official-record:https://www.usenix.org/conference/nsdi14/technical-sessions/presentation/liu_jed,https://www.usenix.org/conference/nsdi14/technical-sessions/presentation/liu_jed,Warranties for faster strong consistency,2014,11th USENIX Symposium on Networked Systems Design and Implementation (NSDI),Jed Liu and Tom Magrino and Owen Arden and Michael D. George and Andrew C. Myers,title; year; venue; author list,retained complete-main-text calibration; not independently reproduced in this continuation,2026-09-18,"Persistent DOI or official scholarly/venue record; bibliography, rendered key, audit key, title, year, venue, and complete author list are cross-checked offline. Reading-depth claim remains separately bounded."
wormhole,record-linked-and-locally-consistent,official USENIX proceedings record,official-record:https://www.usenix.org/conference/nsdi15/technical-sessions/presentation/sharma,https://www.usenix.org/conference/nsdi15/technical-sessions/presentation/sharma,Wormhole: Reliable pub-sub to support geo-replicated Internet services,2015,12th USENIX Symposium on Networked Systems Design and Implementation (NSDI),Yogeshwer Sharma and Philippe Ajoux and Petchean Ang and David Callies and Abhishek Choudhary and Laurent Demailly and Thomas Fersch and Liat Atsmon Guz and Andrzej Kotulski and Sachin Kulkarni and Sanjeev Kumar and Harry Li and Jun Li and Evgeniy Makeev and Kowshik Prakasam and Robbert van Renesse and Sabyasachi Roy and Pratyush Seth and Yee Jiun Song and Benjamin Wester and Kaushik Veeraraghavan and Peter Xie,title; year; venue; author list,retained complete-main-text calibration; not independently reproduced in this continuation,2026-09-18,"Persistent DOI or official scholarly/venue record; bibliography, rendered key, audit key, title, year, venue, and complete author list are cross-checked offline. Reading-depth claim remains separately bounded."
writeguards,record-linked-and-locally-consistent,official USENIX proceedings record,official-record:https://www.usenix.org/conference/osdi26/presentation/mao-ziming-writeguards,https://www.usenix.org/conference/osdi26/presentation/mao-ziming-writeguards,WriteGuards: Distributed storage support for strongly consistent caches,2026,20th USENIX Symposium on Operating Systems Design and Implementation (OSDI),Ziming Mao and Atul Adya and Jonathan Ellithorpe and Rishabh Iyer and Matei Zaharia and Scott Shenker and Ion Stoica,title; year; venue; author list,retained complete-main-text calibration; not independently reproduced in this continuation,2026-09-18,"Persistent DOI or official scholarly/venue record; bibliography, rendered key, audit key, title, year, venue, and complete author list are cross-checked offline. Reading-depth claim remains separately bounded."
