key,category,year,title,venue,relevance_to_claim,verification_depth,stable_source
fagin,top-k and continuous queries,2003,Optimal aggregation algorithms for middleware,Journal of Computer and System Sciences,Threshold stopping and instance optimality under explicit access models.,retained complete-main-text calibration; not independently reproduced in this continuation,https://doi.org/10.1016/S0022-0000(03)00026-6
babcock,top-k and continuous queries,2003,Distributed top-k monitoring,Proceedings of the 2003 ACM SIGMOD International Conference on Management of Data,Distributed constraints and communication on violation.,retained complete-main-text calibration; not independently reproduced in this continuation,https://doi.org/10.1145/872757.872764
chaudhuri1999,top-k and continuous queries,1999,Evaluating top-k selection queries,Proceedings of the 25th International Conference on Very Large Data Bases (VLDB),Evaluation strategies for ranked selection.,bibliographic metadata plus official abstract or selected publication record; no complete-paper claim,https://www.vldb.org/dblp/db/conf/vldb/ChaudhuriG99.html
cao2004,top-k and continuous queries,2004,Efficient top-k query calculation in distributed networks,Proceedings of the 23rd ACM Symposium on Principles of Distributed Computing (PODC),Distributed top-k calculation and communication cost.,bibliographic metadata plus official abstract or selected publication record; no complete-paper claim,https://doi.org/10.1145/1011767.1011798
bruno2002,top-k and continuous queries,2002,Top-k selection queries over relational databases: Mapping strategies and performance evaluation,ACM Transactions on Database Systems,Top-k mapping strategies and performance tradeoffs.,bibliographic metadata plus official abstract or selected publication record; no complete-paper claim,https://doi.org/10.1145/568518.568519
marian2004,top-k and continuous queries,2004,Evaluating top-k queries over Web-accessible databases,ACM Transactions on Database Systems,Top-k over restricted and remote access interfaces.,bibliographic metadata plus official abstract or selected publication record; no complete-paper claim,https://doi.org/10.1145/1005566.1005569
broder2003,top-k and continuous queries,2003,Efficient query evaluation using a two-level retrieval process,Proceedings of the 12th ACM International Conference on Information and Knowledge Management (CIKM),Candidate generation followed by exact refinement.,bibliographic metadata plus official abstract or selected publication record; no complete-paper claim,https://doi.org/10.1145/956863.956944
madden2002,top-k and continuous queries,2002,Continuously adaptive continuous queries over streams,Proceedings of the 2002 ACM SIGMOD International Conference on Management of Data,Adaptive long-running query plans over streams.,bibliographic metadata plus official abstract or selected publication record; no complete-paper claim,https://doi.org/10.1145/564691.564698
carney2002,top-k and continuous queries,2002,Monitoring streams: A new class of data management applications,Proceedings of the 28th International Conference on Very Large Data Bases (VLDB),Standing monitoring queries and stream semantics.,bibliographic metadata plus official abstract or selected publication record; no complete-paper claim,https://www.vldb.org/conf/2002/S07P01.pdf
olston2001,top-k and continuous queries,2001,Adaptive precision setting for cached approximate values,Proceedings of the 2001 ACM SIGMOD International Conference on Management of Data,Cached values with explicit precision bounds.,bibliographic metadata plus official abstract or selected publication record; no complete-paper claim,https://doi.org/10.1145/375663.375710
blakeley1986,incremental maintenance and caching,1986,Efficiently updating materialized views,Proceedings of the 1986 ACM SIGMOD International Conference on Management of Data,Foundational incremental materialized-view maintenance.,bibliographic metadata plus official abstract or selected publication record; no complete-paper claim,https://doi.org/10.1145/16894.16861
gupta1995,incremental maintenance and caching,1995,"Maintenance of materialized views: Problems, techniques, and applications",IEEE Data Engineering Bulletin,Survey and taxonomy of view-maintenance obligations.,bibliographic metadata plus official abstract or selected publication record; no complete-paper claim,https://www.vldb.org/dblp/db/journals/debu/GuptaM95.html
percolator,incremental maintenance and caching,2010,Large-scale incremental processing using distributed transactions and notifications,9th USENIX Symposium on Operating Systems Design and Implementation (OSDI),Transactional incremental indexing with notifications.,retained complete-main-text calibration; not independently reproduced in this continuation,https://www.usenix.org/legacy/events/osdi10/tech/full_papers/Peng.pdf
memcache,incremental maintenance and caching,2013,Scaling Memcache at Facebook,10th USENIX Symposium on Networked Systems Design and Implementation (NSDI),"Operational invalidation, locality, and large-scale cache architecture.",retained complete-main-text calibration; not independently reproduced in this continuation,https://www.usenix.org/conference/nsdi13/technical-sessions/presentation/nishtala
differential,incremental maintenance and caching,2013,Differential dataflow,6th Biennial Conference on Innovative Data Systems Research (CIDR),General incremental computation over changing collections.,retained complete-main-text calibration; not independently reproduced in this continuation,https://www.cidrdb.org/cidr2013/Papers/CIDR13_Paper111.pdf
naiad,incremental maintenance and caching,2013,Naiad: A timely dataflow system,Proceedings of the 24th ACM Symposium on Operating Systems Principles (SOSP),Logical timestamps and iterative incremental dataflow.,bibliographic metadata plus official abstract or selected publication record; no complete-paper claim,https://doi.org/10.1145/2517349.2522738
dbtoaster,incremental maintenance and caching,2012,"DBToaster: Higher-order delta processing for dynamic, frequently fresh views",Proceedings of the VLDB Endowment,Higher-order deltas for frequently refreshed views.,bibliographic metadata plus official abstract or selected publication record; no complete-paper claim,https://doi.org/10.14778/2336664.2336670
dbsp,incremental maintenance and caching,2023,DBSP: Automatic incremental view maintenance for rich query languages,Proceedings of the VLDB Endowment,Algebraic automatic incrementalization.,bibliographic metadata plus official abstract or selected publication record; no complete-paper claim,https://doi.org/10.14778/3587136.3587137
txcache,incremental maintenance and caching,2010,Transactional consistency and automatic management in an application data cache,9th USENIX Symposium on Operating Systems Design and Implementation (OSDI),Transactionally consistent application caching.,bibliographic metadata plus official abstract or selected publication record; no complete-paper claim,https://www.usenix.org/legacy/events/osdi10/tech/full_papers/Ports.pdf
cachelib,incremental maintenance and caching,2020,The CacheLib caching engine: Design and experiences at scale,14th USENIX Symposium on Operating Systems Design and Implementation (OSDI),Production cache-engine design and state-management tradeoffs.,bibliographic metadata plus official abstract or selected publication record; no complete-paper claim,https://www.usenix.org/conference/osdi20/presentation/berg
warranties,incremental maintenance and caching,2014,Warranties for faster strong consistency,11th USENIX Symposium on Networked Systems Design and Implementation (NSDI),Reusable assertions that avoid communication while valid.,retained complete-main-text calibration; not independently reproduced in this continuation,https://www.usenix.org/conference/nsdi14/technical-sessions/presentation/liu_jed
pequod,incremental maintenance and caching,2014,Easy freshness with Pequod cache joins,11th USENIX Symposium on Networked Systems Design and Implementation (NSDI),Partially materialized cache joins and incremental repair.,retained complete-main-text calibration; not independently reproduced in this continuation,https://www.usenix.org/conference/nsdi14/technical-sessions/presentation/kate
noria,incremental maintenance and caching,2018,"Noria: Dynamic, partially-stateful data-flow for high-performance web applications",13th USENIX Symposium on Operating Systems Design and Implementation (OSDI),"Partial materialization, holes, and reconstruction.",retained complete-main-text calibration; not independently reproduced in this continuation,https://www.usenix.org/conference/osdi18/presentation/gjengset
mucache,incremental maintenance and caching,2024,MuCache: A general framework for caching in microservice graphs,21st USENIX Symposium on Networked Systems Design and Implementation (NSDI),Automated caching and invalidation across service graphs.,retained complete-main-text calibration; not independently reproduced in this continuation,https://www.usenix.org/conference/nsdi24/presentation/zhang-haoran
chainreplication,"replication, consistency, and logs",2004,Chain replication for supporting high throughput and availability,6th USENIX Symposium on Operating Systems Design and Implementation (OSDI),Ordered replication with explicit failure handling.,bibliographic metadata plus official abstract or selected publication record; no complete-paper claim,https://www.usenix.org/legacy/events/osdi04/tech/full_papers/renesse/renesse.pdf
craq,"replication, consistency, and logs",2009,Object storage on CRAQ: High-throughput chain replication for read-mostly workloads,2009 USENIX Annual Technical Conference,Read scaling over chain replication.,bibliographic metadata plus official abstract or selected publication record; no complete-paper claim,https://www.usenix.org/legacy/events/usenix09/tech/full_papers/terrace/terrace.pdf
bayou,"replication, consistency, and logs",1995,"Managing update conflicts in Bayou, a weakly connected replicated storage system",Proceedings of the 15th ACM Symposium on Operating Systems Principles (SOSP),"Disconnected replication, tentative updates, and reconciliation.",bibliographic metadata plus official abstract or selected publication record; no complete-paper claim,https://doi.org/10.1145/224057.224070
dynamo,"replication, consistency, and logs",2007,Dynamo: Amazon's highly available key-value store,Proceedings of the 21st ACM Symposium on Operating Systems Principles (SOSP),Highly available replicated storage and version reconciliation.,bibliographic metadata plus official abstract or selected publication record; no complete-paper claim,https://doi.org/10.1145/1294261.1294281
pnuts,"replication, consistency, and logs",2008,PNUTS: Yahoo!'s hosted data serving platform,Proceedings of the VLDB Endowment,Per-record timeline consistency and hosted serving.,bibliographic metadata plus official abstract or selected publication record; no complete-paper claim,https://doi.org/10.14778/1454159.1454167
cops,"replication, consistency, and logs",2011,Don\'t settle for eventual: Scalable causal consistency for wide-area storage with COPS,Proceedings of the 23rd ACM Symposium on Operating Systems Principles (SOSP),Causal dependencies across geo-replicated storage.,bibliographic metadata plus official abstract or selected publication record; no complete-paper claim,https://doi.org/10.1145/2043556.2043593
eiger,"replication, consistency, and logs",2013,Stronger semantics for low-latency geo-replicated storage,10th USENIX Symposium on Networked Systems Design and Implementation (NSDI),Causal consistency and transactional operations in geo-replication.,retained complete-main-text calibration; not independently reproduced in this continuation,https://www.usenix.org/conference/nsdi13/technical-sessions/presentation/lloyd
pbs,"replication, consistency, and logs",2012,Probabilistically bounded staleness for practical partial quorums,Proceedings of the VLDB Endowment,Quantitative staleness bounds for partial quorums.,bibliographic metadata plus official abstract or selected publication record; no complete-paper claim,https://www.vldb.org/pvldb/vol5/p776_peterbailis_vldb2012.pdf
spanner,"replication, consistency, and logs",2012,Spanner: Google's globally-distributed database,10th USENIX Symposium on Operating Systems Design and Implementation (OSDI),Global transactions and externally consistent snapshots.,bibliographic metadata plus official abstract or selected publication record; no complete-paper claim,https://www.usenix.org/conference/osdi12/technical-sessions/presentation/corbett
bolton,"replication, consistency, and logs",2013,Bolt-on causal consistency,Proceedings of the 2013 ACM SIGMOD International Conference on Management of Data,Causal consistency layered over existing stores.,bibliographic metadata plus official abstract or selected publication record; no complete-paper claim,https://doi.org/10.1145/2463676.2465279
gentlerain,"replication, consistency, and logs",2014,GentleRain: Cheap and scalable causal consistency with physical clocks,Proceedings of the 5th ACM Symposium on Cloud Computing (SoCC),Clock-based causal visibility and stable time.,bibliographic metadata plus official abstract or selected publication record; no complete-paper claim,https://doi.org/10.1145/2670979.2670983
raft,"replication, consistency, and logs",2014,In search of an understandable consensus algorithm,2014 USENIX Annual Technical Conference,Consensus log replication and explicit term/commit semantics.,bibliographic metadata plus official abstract or selected publication record; no complete-paper claim,https://www.usenix.org/conference/atc14/technical-sessions/presentation/ongaro
kafka,"replication, consistency, and logs",2011,Kafka: A distributed messaging system for log processing,Proceedings of the 6th International Workshop on Networking Meets Databases (NetDB),Partitioned durable log substrate for consumers.,bibliographic metadata plus official abstract or selected publication record; no complete-paper claim,https://www.microsoft.com/en-us/research/event/netdb-2011/program/
corfu,"replication, consistency, and logs",2012,CORFU: A shared log design for flash clusters,9th USENIX Symposium on Networked Systems Design and Implementation (NSDI),Shared log abstraction decoupled from clients.,bibliographic metadata plus official abstract or selected publication record; no complete-paper claim,https://www.usenix.org/conference/nsdi12/technical-sessions/presentation/balakrishnan
tango,"replication, consistency, and logs",2013,Tango: Distributed data structures over a shared log,Proceedings of the 24th ACM Symposium on Operating Systems Principles (SOSP),Materialized distributed objects over an ordered log.,bibliographic metadata plus official abstract or selected publication record; no complete-paper claim,https://doi.org/10.1145/2517349.2522732
wormhole,"replication, consistency, and logs",2015,Wormhole: Reliable pub-sub to support geo-replicated Internet services,12th USENIX Symposium on Networked Systems Design and Implementation (NSDI),Reliable ordered publish/subscribe for geo services.,retained complete-main-text calibration; not independently reproduced in this continuation,https://www.usenix.org/conference/nsdi15/technical-sessions/presentation/sharma
scalog,"replication, consistency, and logs",2020,Scalog: Seamless reconfiguration and total order in a scalable shared log,17th USENIX Symposium on Networked Systems Design and Implementation (NSDI),Shared-log total order and reconfiguration.,retained complete-main-text calibration; not independently reproduced in this continuation,https://www.usenix.org/conference/nsdi20/presentation/ding
delos,"replication, consistency, and logs",2020,Virtual consensus in Delos,14th USENIX Symposium on Operating Systems Design and Implementation (OSDI),Layered virtual log with online protocol changes.,bibliographic metadata plus official abstract or selected publication record; no complete-paper claim,https://www.usenix.org/conference/osdi20/presentation/balakrishnan
curp,"replication, consistency, and logs",2019,Exploiting commutativity for practical fast replication,16th USENIX Symposium on Networked Systems Design and Implementation (NSDI),Witness state for fast replicated updates and recovery.,retained complete-main-text calibration; not independently reproduced in this continuation,https://www.usenix.org/conference/nsdi19/presentation/park
gryff,"replication, consistency, and logs",2020,Gryff: Unifying consensus and shared registers,17th USENIX Symposium on Networked Systems Design and Implementation (NSDI),Unified consistency protocols and mode tradeoffs.,retained complete-main-text calibration; not independently reproduced in this continuation,https://www.usenix.org/conference/nsdi20/presentation/burke
c3,"replication, consistency, and logs",2015,C3: Cutting tail latency in cloud data stores via adaptive replica selection,12th USENIX Symposium on Networked Systems Design and Implementation (NSDI),Replica selection under heterogeneous queues.,retained complete-main-text calibration; not independently reproduced in this continuation,https://www.usenix.org/conference/nsdi15/technical-sessions/presentation/suresh
netchain,"replication, consistency, and logs",2018,NetChain: Scale-free sub-RTT coordination,15th USENIX Symposium on Networked Systems Design and Implementation (NSDI),Narrow coordination primitive with deployment evidence.,retained complete-main-text calibration; not independently reproduced in this continuation,https://www.usenix.org/conference/nsdi18/presentation/jin
skybridge,"replication, consistency, and logs",2025,Skybridge: Bounded staleness for distributed caches,19th USENIX Symposium on Operating Systems Design and Implementation (OSDI),Wall-clock bounded staleness for distributed caches.,retained complete-main-text calibration; not independently reproduced in this continuation,https://www.usenix.org/conference/osdi25/presentation/lyerly
writeguards,"replication, consistency, and logs",2026,WriteGuards: Distributed storage support for strongly consistent caches,20th USENIX Symposium on Operating Systems Design and Implementation (OSDI),Storage-enforced ordering and fencing for caches.,retained complete-main-text calibration; not independently reproduced in this continuation,https://www.usenix.org/conference/osdi26/presentation/mao-ziming-writeguards
esearch,federated retrieval and code search,2004,Hybrid global-local indexing for efficient peer-to-peer information retrieval,1st USENIX Symposium on Networked Systems Design and Implementation (NSDI),Federated retrieval with global and local indexes.,retained complete-main-text calibration; not independently reproduced in this continuation,https://www.usenix.org/conference/nsdi-04/hybrid-global-local-indexing-efficient-peer-peer-information-retrieval
sourcerer,federated retrieval and code search,2009,Sourcerer: Mining and searching Internet-scale software repositories,Data Mining and Knowledge Discovery,Large-scale source-code indexing and search.,bibliographic metadata plus official abstract or selected publication record; no complete-paper claim,https://doi.org/10.1007/s10618-008-0118-x
portfolio,federated retrieval and code search,2011,Portfolio: Finding relevant functions and their usage,Proceedings of the 33rd International Conference on Software Engineering (ICSE),Function retrieval and usage examples.,bibliographic metadata plus official abstract or selected publication record; no complete-paper claim,https://doi.org/10.1145/1985793.1985809
codehow,federated retrieval and code search,2015,CodeHow: Effective code search based on API understanding and extended Boolean model,30th IEEE/ACM International Conference on Automated Software Engineering (ASE),API-aware code search and ranking.,bibliographic metadata plus official abstract or selected publication record; no complete-paper claim,https://doi.org/10.1109/ASE.2015.42
facoy,federated retrieval and code search,2018,FaCoY: A code-to-code search engine,Proceedings of the 40th International Conference on Software Engineering (ICSE),Code-to-code query alternation and TF--IDF/cosine ranking.,retained complete-main-text calibration; not independently reproduced in this continuation,https://doi.org/10.1145/3180155.3180187
deepcs,federated retrieval and code search,2018,Deep code search,Proceedings of the 40th International Conference on Software Engineering (ICSE),Learned natural-language-to-code retrieval.,bibliographic metadata plus official abstract or selected publication record; no complete-paper claim,https://doi.org/10.1145/3180155.3180167
codesearchnet,federated retrieval and code search,2019,CodeSearchNet challenge: Evaluating the state of semantic code search,arXiv preprint arXiv:1909.09436,Dataset and evaluation framework for semantic code search.,bibliographic metadata plus official abstract or selected publication record; no complete-paper claim,https://arxiv.org/abs/1909.09436
aroma,federated retrieval and code search,2019,Aroma: Code recommendation via structural code search,Proceedings of the ACM on Programming Languages,"Structural search, clustering, and code recommendation.",bibliographic metadata plus official abstract or selected publication record; no complete-paper claim,https://doi.org/10.1145/3360578
codebert,federated retrieval and code search,2020,CodeBERT: A pre-trained model for programming and natural languages,Findings of the Association for Computational Linguistics: EMNLP 2020,Pretrained code/text representations used in retrieval.,bibliographic metadata plus official abstract or selected publication record; no complete-paper claim,https://doi.org/10.18653/v1/2020.findings-emnlp.139
graphcodebert,federated retrieval and code search,2021,GraphCodeBERT: Pre-training code representations with data flow,International Conference on Learning Representations (ICLR),Code representation learning with data-flow structure.,bibliographic metadata plus official abstract or selected publication record; no complete-paper claim,https://openreview.net/forum?id=jLoC4ez43PZ
cosqa,federated retrieval and code search,2021,"CoSQA: 20,000+ Web queries for code search and question answering",Proceedings of the 59th Annual Meeting of the Association for Computational Linguistics,Real Web-query benchmark for code search.,bibliographic metadata plus official abstract or selected publication record; no complete-paper claim,https://doi.org/10.18653/v1/2021.acl-long.442
bigcodesearch,federated retrieval and code search,2024,Big code search: A bibliography,ACM Computing Surveys,Survey of code-search methods and evaluation.,retained complete-main-text calibration; not independently reproduced in this continuation,https://doi.org/10.1145/3604905
merkle,authenticated and verifiable queries,1980,Protocols for public key cryptosystems,1980 IEEE Symposium on Security and Privacy,Hash-tree commitment foundation for authenticated data structures.,bibliographic metadata plus official abstract or selected publication record; no complete-paper claim,https://doi.org/10.1109/SP.1980.10006
goodrich,authenticated and verifiable queries,2001,Implementation of an authenticated dictionary with skip lists and commutative hashing,Proceedings of the 2001 DARPA Information Survivability Conference and Exposition II (DISCEX),Dynamic authenticated dictionaries.,bibliographic metadata plus official abstract or selected publication record; no complete-paper claim,https://doi.org/10.1109/DISCEX.2001.932160
pang2004,authenticated and verifiable queries,2004,Authenticating query results in edge computing,20th International Conference on Data Engineering (ICDE),Authentication of outsourced relational query results.,bibliographic metadata plus official abstract or selected publication record; no complete-paper claim,https://doi.org/10.1109/ICDE.2004.1320027
li2006,authenticated and verifiable queries,2006,Dynamic authenticated index structures for outsourced databases,Proceedings of the 2006 ACM SIGMOD International Conference on Management of Data,Dynamic authenticated database indexes.,bibliographic metadata plus official abstract or selected publication record; no complete-paper claim,https://doi.org/10.1145/1142473.1142488
authtopk2014,authenticated and verifiable queries,2013,Authenticating top-k queries in location-based services with confidentiality,Proceedings of the VLDB Endowment,Cryptographic authentication of top-k answers.,bibliographic metadata plus official abstract or selected publication record; no complete-paper claim,https://www.vldb.org/pvldb/vol7/p49-chen.pdf
integridb,authenticated and verifiable queries,2015,IntegriDB: Verifiable SQL for outsourced databases,Proceedings of the 22nd ACM SIGSAC Conference on Computer and Communications Security (CCS),Verifiable SQL over outsourced databases.,bibliographic metadata plus official abstract or selected publication record; no complete-paper claim,https://doi.org/10.1145/2810103.2813711
vsql,authenticated and verifiable queries,2017,vSQL: Verifying arbitrary SQL queries over dynamic outsourced databases,2017 IEEE Symposium on Security and Privacy,General verifiable SQL with dynamic data.,bibliographic metadata plus official abstract or selected publication record; no complete-paper claim,https://doi.org/10.1109/SP.2017.43
